country_code,age_grp,median,lower95,upper95
ARG,0-4,19.866158294049516,15.26661917931128,26.392582298016766
ARG,5-19,1.9478543949414053,1.4968747769026567,2.587762901216947
ARG,20-64,24.5044773931888,18.83104518813331,32.554680512303314
ARG,65+,1165.1230400383185,837.7163618146072,1548.0446432048097
AUS,0-4,1.405740248124952,0.9166282670654526,2.5053608495928676
AUS,5-19,0.3110583538581431,0.20282899364483317,0.55437939031374
AUS,20-64,3.5708063011488056,2.3283832103507445,6.364019469678397
AUS,65+,154.6688331531675,75.16262801771367,323.8394646802175
FJI,0-4,1.405740248124952,0.9166282670654526,2.5053608495928676
FJI,5-19,0.3110583538581431,0.20282899364483317,0.55437939031374
FJI,20-64,3.5708063011488056,2.3283832103507445,6.364019469678397
FJI,65+,154.6688331531675,75.16262801771367,323.8394646802175
NCL,0-4,1.405740248124952,0.9166282670654526,2.5053608495928676
NCL,5-19,0.3110583538581431,0.20282899364483317,0.55437939031374
NCL,20-64,3.5708063011488056,2.3283832103507445,6.364019469678397
NCL,65+,154.6688331531675,75.16262801771367,323.8394646802175
NZL,0-4,1.405740248124952,0.9166282670654526,2.5053608495928676
NZL,5-19,0.3110583538581431,0.20282899364483317,0.55437939031374
NZL,20-64,3.5708063011488056,2.3283832103507445,6.364019469678397
NZL,65+,154.6688331531675,75.16262801771367,323.8394646802175
SLB,0-4,1.405740248124952,0.9166282670654526,2.5053608495928676
SLB,5-19,0.3110583538581431,0.20282899364483317,0.55437939031374
SLB,20-64,3.5708063011488056,2.3283832103507445,6.364019469678397
SLB,65+,154.6688331531675,75.16262801771367,323.8394646802175
TON,0-4,1.405740248124952,0.9166282670654526,2.5053608495928676
TON,5-19,0.3110583538581431,0.20282899364483317,0.55437939031374
TON,20-64,3.5708063011488056,2.3283832103507445,6.364019469678397
TON,65+,154.6688331531675,75.16262801771367,323.8394646802175
VUT,0-4,1.405740248124952,0.9166282670654526,2.5053608495928676
VUT,5-19,0.3110583538581431,0.20282899364483317,0.55437939031374
VUT,20-64,3.5708063011488056,2.3283832103507445,6.364019469678397
VUT,65+,154.6688331531675,75.16262801771367,323.8394646802175
WSM,0-4,1.405740248124952,0.9166282670654526,2.5053608495928676
WSM,5-19,0.3110583538581431,0.20282899364483317,0.55437939031374
WSM,20-64,3.5708063011488056,2.3283832103507445,6.364019469678397
WSM,65+,154.6688331531675,75.16262801771367,323.8394646802175
BHS,0-4,1.0074761299459252,0.7205587869393477,1.4402274855925694
BHS,5-19,0.1714539977573638,0.1226259173471223,0.24510035795898782
BHS,20-64,2.196096397350182,1.5706739932006648,3.1394077720177
BHS,65+,221.1658597651195,149.5988127732235,348.288212146647
BLZ,0-4,1.0074761299459252,0.7205587869393477,1.4402274855925694
BLZ,5-19,0.1714539977573638,0.1226259173471223,0.24510035795898782
BLZ,20-64,2.196096397350182,1.5706739932006648,3.1394077720177
BLZ,65+,221.1658597651195,149.5988127732235,348.288212146647
CAN,0-4,1.0074761299459252,0.7205587869393477,1.4402274855925694
CAN,5-19,0.1714539977573638,0.1226259173471223,0.24510035795898782
CAN,20-64,2.196096397350182,1.5706739932006648,3.1394077720177
CAN,65+,221.1658597651195,149.5988127732235,348.288212146647
CUB,0-4,1.0074761299459252,0.7205587869393477,1.4402274855925694
CUB,5-19,0.1714539977573638,0.1226259173471223,0.24510035795898782
CUB,20-64,2.196096397350182,1.5706739932006648,3.1394077720177
CUB,65+,221.1658597651195,149.5988127732235,348.288212146647
ECU,0-4,1.0074761299459252,0.7205587869393477,1.4402274855925694
ECU,5-19,0.1714539977573638,0.1226259173471223,0.24510035795898782
ECU,20-64,2.196096397350182,1.5706739932006648,3.1394077720177
ECU,65+,221.1658597651195,149.5988127732235,348.288212146647
GTM,0-4,1.0074761299459252,0.7205587869393477,1.4402274855925694
GTM,5-19,0.1714539977573638,0.1226259173471223,0.24510035795898782
GTM,20-64,2.196096397350182,1.5706739932006648,3.1394077720177
GTM,65+,221.1658597651195,149.5988127732235,348.288212146647
HND,0-4,1.0074761299459252,0.7205587869393477,1.4402274855925694
HND,5-19,0.1714539977573638,0.1226259173471223,0.24510035795898782
HND,20-64,2.196096397350182,1.5706739932006648,3.1394077720177
HND,65+,221.1658597651195,149.5988127732235,348.288212146647
MEX,0-4,1.0074761299459252,0.7205587869393477,1.4402274855925694
MEX,5-19,0.1714539977573638,0.1226259173471223,0.24510035795898782
MEX,20-64,2.196096397350182,1.5706739932006648,3.1394077720177
MEX,65+,221.1658597651195,149.5988127732235,348.288212146647
NIC,0-4,1.0074761299459252,0.7205587869393477,1.4402274855925694
NIC,5-19,0.1714539977573638,0.1226259173471223,0.24510035795898782
NIC,20-64,2.196096397350182,1.5706739932006648,3.1394077720177
NIC,65+,221.1658597651195,149.5988127732235,348.288212146647
PER,0-4,1.0074761299459252,0.7205587869393477,1.4402274855925694
PER,5-19,0.1714539977573638,0.1226259173471223,0.24510035795898782
PER,20-64,2.196096397350182,1.5706739932006648,3.1394077720177
PER,65+,221.1658597651195,149.5988127732235,348.288212146647
PRI,0-4,1.0074761299459252,0.7205587869393477,1.4402274855925694
PRI,5-19,0.1714539977573638,0.1226259173471223,0.24510035795898782
PRI,20-64,2.196096397350182,1.5706739932006648,3.1394077720177
PRI,65+,221.1658597651195,149.5988127732235,348.288212146647
USA,0-4,1.0074761299459252,0.7205587869393477,1.4402274855925694
USA,5-19,0.1714539977573638,0.1226259173471223,0.24510035795898782
USA,20-64,2.196096397350182,1.5706739932006648,3.1394077720177
USA,65+,221.1658597651195,149.5988127732235,348.288212146647
ALB,0-4,5.346396258647116,1.1034526573603518,15.973379029589607
ALB,5-19,0.8202892556326589,0.16930102355732365,2.4507706799562947
ALB,20-64,13.714989806834591,2.8306622285141505,40.97614916163413
ALB,65+,524.3396918197345,158.60938850309893,1098.8074674261413
AUT,0-4,5.346396258647116,1.1034526573603518,15.973379029589607
AUT,5-19,0.8202892556326589,0.16930102355732365,2.4507706799562947
AUT,20-64,13.714989806834591,2.8306622285141505,40.97614916163413
AUT,65+,524.3396918197345,158.60938850309893,1098.8074674261413
BEL,0-4,5.346396258647116,1.1034526573603518,15.973379029589607
BEL,5-19,0.8202892556326589,0.16930102355732365,2.4507706799562947
BEL,20-64,13.714989806834591,2.8306622285141505,40.97614916163413
BEL,65+,524.3396918197345,158.60938850309893,1098.8074674261413
BGR,0-4,5.346396258647116,1.1034526573603518,15.973379029589607
BGR,5-19,0.8202892556326589,0.16930102355732365,2.4507706799562947
BGR,20-64,13.714989806834591,2.8306622285141505,40.97614916163413
BGR,65+,524.3396918197345,158.60938850309893,1098.8074674261413
BIH,0-4,5.346396258647116,1.1034526573603518,15.973379029589607
BIH,5-19,0.8202892556326589,0.16930102355732365,2.4507706799562947
BIH,20-64,13.714989806834591,2.8306622285141505,40.97614916163413
BIH,65+,524.3396918197345,158.60938850309893,1098.8074674261413
BLR,0-4,5.346396258647116,1.1034526573603518,15.973379029589607
BLR,5-19,0.8202892556326589,0.16930102355732365,2.4507706799562947
BLR,20-64,13.714989806834591,2.8306622285141505,40.97614916163413
BLR,65+,524.3396918197345,158.60938850309893,1098.8074674261413
CHE,0-4,5.346396258647116,1.1034526573603518,15.973379029589607
CHE,5-19,0.8202892556326589,0.16930102355732365,2.4507706799562947
CHE,20-64,13.714989806834591,2.8306622285141505,40.97614916163413
CHE,65+,524.3396918197345,158.60938850309893,1098.8074674261413
CZE,0-4,5.346396258647116,1.1034526573603518,15.973379029589607
CZE,5-19,0.8202892556326589,0.16930102355732365,2.4507706799562947
CZE,20-64,13.714989806834591,2.8306622285141505,40.97614916163413
CZE,65+,524.3396918197345,158.60938850309893,1098.8074674261413
DEU,0-4,5.346396258647116,1.1034526573603518,15.973379029589607
DEU,5-19,0.8202892556326589,0.16930102355732365,2.4507706799562947
DEU,20-64,13.714989806834591,2.8306622285141505,40.97614916163413
DEU,65+,524.3396918197345,158.60938850309893,1098.8074674261413
DNK,0-4,5.346396258647116,1.1034526573603518,15.973379029589607
DNK,5-19,0.8202892556326589,0.16930102355732365,2.4507706799562947
DNK,20-64,13.714989806834591,2.8306622285141505,40.97614916163413
DNK,65+,524.3396918197345,158.60938850309893,1098.8074674261413
DZA,0-4,5.346396258647116,1.1034526573603518,15.973379029589607
DZA,5-19,0.8202892556326589,0.16930102355732365,2.4507706799562947
DZA,20-64,13.714989806834591,2.8306622285141505,40.97614916163413
DZA,65+,524.3396918197345,158.60938850309893,1098.8074674261413
ESP,0-4,5.346396258647116,1.1034526573603518,15.973379029589607
ESP,5-19,0.8202892556326589,0.16930102355732365,2.4507706799562947
ESP,20-64,13.714989806834591,2.8306622285141505,40.97614916163413
ESP,65+,524.3396918197345,158.60938850309893,1098.8074674261413
EST,0-4,5.346396258647116,1.1034526573603518,15.973379029589607
EST,5-19,0.8202892556326589,0.16930102355732365,2.4507706799562947
EST,20-64,13.714989806834591,2.8306622285141505,40.97614916163413
EST,65+,524.3396918197345,158.60938850309893,1098.8074674261413
FIN,0-4,5.346396258647116,1.1034526573603518,15.973379029589607
FIN,5-19,0.8202892556326589,0.16930102355732365,2.4507706799562947
FIN,20-64,13.714989806834591,2.8306622285141505,40.97614916163413
FIN,65+,524.3396918197345,158.60938850309893,1098.8074674261413
FRA,0-4,5.346396258647116,1.1034526573603518,15.973379029589607
FRA,5-19,0.8202892556326589,0.16930102355732365,2.4507706799562947
FRA,20-64,13.714989806834591,2.8306622285141505,40.97614916163413
FRA,65+,524.3396918197345,158.60938850309893,1098.8074674261413
GBR,0-4,5.346396258647116,1.1034526573603518,15.973379029589607
GBR,5-19,0.8202892556326589,0.16930102355732365,2.4507706799562947
GBR,20-64,13.714989806834591,2.8306622285141505,40.97614916163413
GBR,65+,524.3396918197345,158.60938850309893,1098.8074674261413
GRC,0-4,5.346396258647116,1.1034526573603518,15.973379029589607
GRC,5-19,0.8202892556326589,0.16930102355732365,2.4507706799562947
GRC,20-64,13.714989806834591,2.8306622285141505,40.97614916163413
GRC,65+,524.3396918197345,158.60938850309893,1098.8074674261413
HRV,0-4,5.346396258647116,1.1034526573603518,15.973379029589607
HRV,5-19,0.8202892556326589,0.16930102355732365,2.4507706799562947
HRV,20-64,13.714989806834591,2.8306622285141505,40.97614916163413
HRV,65+,524.3396918197345,158.60938850309893,1098.8074674261413
HUN,0-4,5.346396258647116,1.1034526573603518,15.973379029589607
HUN,5-19,0.8202892556326589,0.16930102355732365,2.4507706799562947
HUN,20-64,13.714989806834591,2.8306622285141505,40.97614916163413
HUN,65+,524.3396918197345,158.60938850309893,1098.8074674261413
IRL,0-4,5.346396258647116,1.1034526573603518,15.973379029589607
IRL,5-19,0.8202892556326589,0.16930102355732365,2.4507706799562947
IRL,20-64,13.714989806834591,2.8306622285141505,40.97614916163413
IRL,65+,524.3396918197345,158.60938850309893,1098.8074674261413
ISL,0-4,5.346396258647116,1.1034526573603518,15.973379029589607
ISL,5-19,0.8202892556326589,0.16930102355732365,2.4507706799562947
ISL,20-64,13.714989806834591,2.8306622285141505,40.97614916163413
ISL,65+,524.3396918197345,158.60938850309893,1098.8074674261413
ITA,0-4,5.346396258647116,1.1034526573603518,15.973379029589607
ITA,5-19,0.8202892556326589,0.16930102355732365,2.4507706799562947
ITA,20-64,13.714989806834591,2.8306622285141505,40.97614916163413
ITA,65+,524.3396918197345,158.60938850309893,1098.8074674261413
LBY,0-4,5.346396258647116,1.1034526573603518,15.973379029589607
LBY,5-19,0.8202892556326589,0.16930102355732365,2.4507706799562947
LBY,20-64,13.714989806834591,2.8306622285141505,40.97614916163413
LBY,65+,524.3396918197345,158.60938850309893,1098.8074674261413
LTU,0-4,5.346396258647116,1.1034526573603518,15.973379029589607
LTU,5-19,0.8202892556326589,0.16930102355732365,2.4507706799562947
LTU,20-64,13.714989806834591,2.8306622285141505,40.97614916163413
LTU,65+,524.3396918197345,158.60938850309893,1098.8074674261413
LUX,0-4,5.346396258647116,1.1034526573603518,15.973379029589607
LUX,5-19,0.8202892556326589,0.16930102355732365,2.4507706799562947
LUX,20-64,13.714989806834591,2.8306622285141505,40.97614916163413
LUX,65+,524.3396918197345,158.60938850309893,1098.8074674261413
LVA,0-4,5.346396258647116,1.1034526573603518,15.973379029589607
LVA,5-19,0.8202892556326589,0.16930102355732365,2.4507706799562947
LVA,20-64,13.714989806834591,2.8306622285141505,40.97614916163413
LVA,65+,524.3396918197345,158.60938850309893,1098.8074674261413
MAR,0-4,5.346396258647116,1.1034526573603518,15.973379029589607
MAR,5-19,0.8202892556326589,0.16930102355732365,2.4507706799562947
MAR,20-64,13.714989806834591,2.8306622285141505,40.97614916163413
MAR,65+,524.3396918197345,158.60938850309893,1098.8074674261413
MDA,0-4,5.346396258647116,1.1034526573603518,15.973379029589607
MDA,5-19,0.8202892556326589,0.16930102355732365,2.4507706799562947
MDA,20-64,13.714989806834591,2.8306622285141505,40.97614916163413
MDA,65+,524.3396918197345,158.60938850309893,1098.8074674261413
MKD,0-4,5.346396258647116,1.1034526573603518,15.973379029589607
MKD,5-19,0.8202892556326589,0.16930102355732365,2.4507706799562947
MKD,20-64,13.714989806834591,2.8306622285141505,40.97614916163413
MKD,65+,524.3396918197345,158.60938850309893,1098.8074674261413
MLT,0-4,5.346396258647116,1.1034526573603518,15.973379029589607
MLT,5-19,0.8202892556326589,0.16930102355732365,2.4507706799562947
MLT,20-64,13.714989806834591,2.8306622285141505,40.97614916163413
MLT,65+,524.3396918197345,158.60938850309893,1098.8074674261413
MNE,0-4,5.346396258647116,1.1034526573603518,15.973379029589607
MNE,5-19,0.8202892556326589,0.16930102355732365,2.4507706799562947
MNE,20-64,13.714989806834591,2.8306622285141505,40.97614916163413
MNE,65+,524.3396918197345,158.60938850309893,1098.8074674261413
NLD,0-4,5.346396258647116,1.1034526573603518,15.973379029589607
NLD,5-19,0.8202892556326589,0.16930102355732365,2.4507706799562947
NLD,20-64,13.714989806834591,2.8306622285141505,40.97614916163413
NLD,65+,524.3396918197345,158.60938850309893,1098.8074674261413
NOR,0-4,5.346396258647116,1.1034526573603518,15.973379029589607
NOR,5-19,0.8202892556326589,0.16930102355732365,2.4507706799562947
NOR,20-64,13.714989806834591,2.8306622285141505,40.97614916163413
NOR,65+,524.3396918197345,158.60938850309893,1098.8074674261413
POL,0-4,5.346396258647116,1.1034526573603518,15.973379029589607
POL,5-19,0.8202892556326589,0.16930102355732365,2.4507706799562947
POL,20-64,13.714989806834591,2.8306622285141505,40.97614916163413
POL,65+,524.3396918197345,158.60938850309893,1098.8074674261413
PRT,0-4,5.346396258647116,1.1034526573603518,15.973379029589607
PRT,5-19,0.8202892556326589,0.16930102355732365,2.4507706799562947
PRT,20-64,13.714989806834591,2.8306622285141505,40.97614916163413
PRT,65+,524.3396918197345,158.60938850309893,1098.8074674261413
ROU,0-4,5.346396258647116,1.1034526573603518,15.973379029589607
ROU,5-19,0.8202892556326589,0.16930102355732365,2.4507706799562947
ROU,20-64,13.714989806834591,2.8306622285141505,40.97614916163413
ROU,65+,524.3396918197345,158.60938850309893,1098.8074674261413
SRB,0-4,5.346396258647116,1.1034526573603518,15.973379029589607
SRB,5-19,0.8202892556326589,0.16930102355732365,2.4507706799562947
SRB,20-64,13.714989806834591,2.8306622285141505,40.97614916163413
SRB,65+,524.3396918197345,158.60938850309893,1098.8074674261413
SVK,0-4,5.346396258647116,1.1034526573603518,15.973379029589607
SVK,5-19,0.8202892556326589,0.16930102355732365,2.4507706799562947
SVK,20-64,13.714989806834591,2.8306622285141505,40.97614916163413
SVK,65+,524.3396918197345,158.60938850309893,1098.8074674261413
SVN,0-4,5.346396258647116,1.1034526573603518,15.973379029589607
SVN,5-19,0.8202892556326589,0.16930102355732365,2.4507706799562947
SVN,20-64,13.714989806834591,2.8306622285141505,40.97614916163413
SVN,65+,524.3396918197345,158.60938850309893,1098.8074674261413
SWE,0-4,5.346396258647116,1.1034526573603518,15.973379029589607
SWE,5-19,0.8202892556326589,0.16930102355732365,2.4507706799562947
SWE,20-64,13.714989806834591,2.8306622285141505,40.97614916163413
SWE,65+,524.3396918197345,158.60938850309893,1098.8074674261413
TUN,0-4,5.346396258647116,1.1034526573603518,15.973379029589607
TUN,5-19,0.8202892556326589,0.16930102355732365,2.4507706799562947
TUN,20-64,13.714989806834591,2.8306622285141505,40.97614916163413
TUN,65+,524.3396918197345,158.60938850309893,1098.8074674261413
UKR,0-4,5.346396258647116,1.1034526573603518,15.973379029589607
UKR,5-19,0.8202892556326589,0.16930102355732365,2.4507706799562947
UKR,20-64,13.714989806834591,2.8306622285141505,40.97614916163413
UKR,65+,524.3396918197345,158.60938850309893,1098.8074674261413
XKX,0-4,5.346396258647116,1.1034526573603518,15.973379029589607
XKX,5-19,0.8202892556326589,0.16930102355732365,2.4507706799562947
XKX,20-64,13.714989806834591,2.8306622285141505,40.97614916163413
XKX,65+,524.3396918197345,158.60938850309893,1098.8074674261413
BOL,0-4,1.692628522652933,0.510925770996835,4.174681441043142
BOL,5-19,0.2369453306889674,0.07152276719088699,0.5843995072342804
BOL,20-64,1.9266888446770154,0.5815776883487221,4.751965392814804
BOL,65+,86.50706966229777,45.68675361969757,188.98582409305203
BRA,0-4,1.692628522652933,0.510925770996835,4.174681441043142
BRA,5-19,0.2369453306889674,0.07152276719088699,0.5843995072342804
BRA,20-64,1.9266888446770154,0.5815776883487221,4.751965392814804
BRA,65+,86.50706966229777,45.68675361969757,188.98582409305203
BRB,0-4,1.692628522652933,0.510925770996835,4.174681441043142
BRB,5-19,0.2369453306889674,0.07152276719088699,0.5843995072342804
BRB,20-64,1.9266888446770154,0.5815776883487221,4.751965392814804
BRB,65+,86.50706966229777,45.68675361969757,188.98582409305203
CHL,0-4,1.692628522652933,0.510925770996835,4.174681441043142
CHL,5-19,0.2369453306889674,0.07152276719088699,0.5843995072342804
CHL,20-64,1.9266888446770154,0.5815776883487221,4.751965392814804
CHL,65+,86.50706966229777,45.68675361969757,188.98582409305203
COL,0-4,1.692628522652933,0.510925770996835,4.174681441043142
COL,5-19,0.2369453306889674,0.07152276719088699,0.5843995072342804
COL,20-64,1.9266888446770154,0.5815776883487221,4.751965392814804
COL,65+,86.50706966229777,45.68675361969757,188.98582409305203
CRI,0-4,1.692628522652933,0.510925770996835,4.174681441043142
CRI,5-19,0.2369453306889674,0.07152276719088699,0.5843995072342804
CRI,20-64,1.9266888446770154,0.5815776883487221,4.751965392814804
CRI,65+,86.50706966229777,45.68675361969757,188.98582409305203
DOM,0-4,1.692628522652933,0.510925770996835,4.174681441043142
DOM,5-19,0.2369453306889674,0.07152276719088699,0.5843995072342804
DOM,20-64,1.9266888446770154,0.5815776883487221,4.751965392814804
DOM,65+,86.50706966229777,45.68675361969757,188.98582409305203
GUF,0-4,1.692628522652933,0.510925770996835,4.174681441043142
GUF,5-19,0.2369453306889674,0.07152276719088699,0.5843995072342804
GUF,20-64,1.9266888446770154,0.5815776883487221,4.751965392814804
GUF,65+,86.50706966229777,45.68675361969757,188.98582409305203
GUY,0-4,1.692628522652933,0.510925770996835,4.174681441043142
GUY,5-19,0.2369453306889674,0.07152276719088699,0.5843995072342804
GUY,20-64,1.9266888446770154,0.5815776883487221,4.751965392814804
GUY,65+,86.50706966229777,45.68675361969757,188.98582409305203
HTI,0-4,1.692628522652933,0.510925770996835,4.174681441043142
HTI,5-19,0.2369453306889674,0.07152276719088699,0.5843995072342804
HTI,20-64,1.9266888446770154,0.5815776883487221,4.751965392814804
HTI,65+,86.50706966229777,45.68675361969757,188.98582409305203
JAM,0-4,1.692628522652933,0.510925770996835,4.174681441043142
JAM,5-19,0.2369453306889674,0.07152276719088699,0.5843995072342804
JAM,20-64,1.9266888446770154,0.5815776883487221,4.751965392814804
JAM,65+,86.50706966229777,45.68675361969757,188.98582409305203
LCA,0-4,1.692628522652933,0.510925770996835,4.174681441043142
LCA,5-19,0.2369453306889674,0.07152276719088699,0.5843995072342804
LCA,20-64,1.9266888446770154,0.5815776883487221,4.751965392814804
LCA,65+,86.50706966229777,45.68675361969757,188.98582409305203
PAN,0-4,1.692628522652933,0.510925770996835,4.174681441043142
PAN,5-19,0.2369453306889674,0.07152276719088699,0.5843995072342804
PAN,20-64,1.9266888446770154,0.5815776883487221,4.751965392814804
PAN,65+,86.50706966229777,45.68675361969757,188.98582409305203
PRY,0-4,1.692628522652933,0.510925770996835,4.174681441043142
PRY,5-19,0.2369453306889674,0.07152276719088699,0.5843995072342804
PRY,20-64,1.9266888446770154,0.5815776883487221,4.751965392814804
PRY,65+,86.50706966229777,45.68675361969757,188.98582409305203
SLV,0-4,1.692628522652933,0.510925770996835,4.174681441043142
SLV,5-19,0.2369453306889674,0.07152276719088699,0.5843995072342804
SLV,20-64,1.9266888446770154,0.5815776883487221,4.751965392814804
SLV,65+,86.50706966229777,45.68675361969757,188.98582409305203
SUR,0-4,1.692628522652933,0.510925770996835,4.174681441043142
SUR,5-19,0.2369453306889674,0.07152276719088699,0.5843995072342804
SUR,20-64,1.9266888446770154,0.5815776883487221,4.751965392814804
SUR,65+,86.50706966229777,45.68675361969757,188.98582409305203
TTO,0-4,1.692628522652933,0.510925770996835,4.174681441043142
TTO,5-19,0.2369453306889674,0.07152276719088699,0.5843995072342804
TTO,20-64,1.9266888446770154,0.5815776883487221,4.751965392814804
TTO,65+,86.50706966229777,45.68675361969757,188.98582409305203
URY,0-4,1.692628522652933,0.510925770996835,4.174681441043142
URY,5-19,0.2369453306889674,0.07152276719088699,0.5843995072342804
URY,20-64,1.9266888446770154,0.5815776883487221,4.751965392814804
URY,65+,86.50706966229777,45.68675361969757,188.98582409305203
VCT,0-4,1.692628522652933,0.510925770996835,4.174681441043142
VCT,5-19,0.2369453306889674,0.07152276719088699,0.5843995072342804
VCT,20-64,1.9266888446770154,0.5815776883487221,4.751965392814804
VCT,65+,86.50706966229777,45.68675361969757,188.98582409305203
VEN,0-4,1.692628522652933,0.510925770996835,4.174681441043142
VEN,5-19,0.2369453306889674,0.07152276719088699,0.5843995072342804
VEN,20-64,1.9266888446770154,0.5815776883487221,4.751965392814804
VEN,65+,86.50706966229777,45.68675361969757,188.98582409305203
BGD,0-4,33.16672963484215,1.9456170703923679,122.84970536517018
BGD,5-19,2.984490943246949,0.1750753417518947,11.054566943427043
BGD,20-64,15.519836772292253,0.9104201615993515,57.485540352725195
BGD,65+,73.06961297982271,19.22523141779556,184.3011162440929
BRN,0-4,1.3028713349898493,0.40103861579676997,2.43343723329459
BRN,5-19,0.24641359611321276,0.07584890759724719,0.46023886125069957
BRN,20-64,2.0047355085107945,0.6170803914248882,3.744343664876116
BRN,65+,250.749105521048,74.9050637789549,744.0088920227503
BTN,0-4,16.123521611086105,1.1630192349852213,78.12521700569499
BTN,5-19,1.5362532459091822,0.11081276894077396,7.443790575492857
BTN,20-64,8.532853436486041,0.6154903944259683,41.34524965965899
BTN,65+,198.06342607490598,76.78573077827262,421.18131117387304
CHN,0-4,2.109192300687823,1.2087105368702367,3.8816952629781105
CHN,5-19,0.43041600319265816,0.2466576225064365,0.792124909690819
CHN,20-64,2.844281123527913,1.6299663917359146,5.234531038339144
CHN,65+,294.6548255139225,196.61649499497008,427.56084250683443
HKG,0-4,0.3436214271731444,0.2662254394589869,0.44161008176233585
HKG,5-19,0.04924613608704552,0.038154123068770654,0.06328938903138041
HKG,20-64,1.2664547186363615,0.9812032584742834,1.6276027267749211
HKG,65+,224.148956746088,180.92134458677924,264.03751468068464
IDN,0-4,20.38234580972638,1.3676487057949573,83.61095004539992
IDN,5-19,2.7229573319648432,0.1827095421577778,11.169913982620445
IDN,20-64,17.4221861107009,1.1690229627567505,71.46800207306602
IDN,65+,149.751132565396,53.03650656848372,368.44101029644037
IND,0-4,15.225770201806068,6.901960311973406,27.3345723021162
IND,5-19,1.3032846438067,0.5907890876805192,2.3397652699464904
IND,20-64,7.869246865159908,3.5671909419736436,14.127528167566817
IND,65+,240.94757738022102,165.1611863701447,363.125016950083
KHM,0-4,18.013483533295968,0.9680225094925726,74.97048371617652
KHM,5-19,3.5275416553072843,0.18956576162508304,14.681308239937088
KHM,20-64,12.47914378740446,0.6706138800456435,51.93706394302561
KHM,65+,231.26094387432346,91.11987285913689,519.593731378338
KOR,0-4,0.19577491587222165,0.10434068629340441,0.349967895792835
KOR,5-19,0.029064800791832227,0.015490448549497542,0.05195633531210067
KOR,20-64,0.4929057279529493,0.26270026322538803,0.881119931363001
KOR,65+,74.91957412640873,45.610763660691426,120.47255444503986
LAO,0-4,23.919030797438662,2.676436610683506,81.6732313269362
LAO,5-19,2.167570451711658,0.2425418054070191,7.401323423984014
LAO,20-64,9.909725718856357,1.108855661435046,33.83746305930229
LAO,65+,231.538284270632,61.532522769878916,507.6888961635411
LKA,0-4,1.70605783271519,0.41748403817673774,6.718808248598829
LKA,5-19,0.28280352472025894,0.06920395970570743,1.1137387128309046
LKA,20-64,3.7011019805406096,0.905685007219778,14.57570431606407
LKA,65+,147.98705832932998,39.69896441947251,351.5387865076206
MAC,0-4,0.9294098885419587,0.528694217018406,1.520456747560913
MAC,5-19,0.12844930894699894,0.07306830673689685,0.21013507701578957
MAC,20-64,1.6511282741979323,0.9392432562703664,2.7011431194596276
MAC,65+,202.37427815144298,126.87280660858343,301.92594355686174
MDV,0-4,1.9364725654827086,0.08789071354101324,11.303430159766318
MDV,5-19,0.15656012717234374,0.007105797177053752,0.9138608492785912
MDV,20-64,1.0194179144486317,0.04626833836659477,5.950468602023494
MDV,65+,232.16206542069048,70.40484560453457,580.4251425719947
MMR,0-4,21.515387713652004,2.2885543309689766,75.45195443607717
MMR,5-19,2.558238101698207,0.27211533276606326,8.971442544049134
MMR,20-64,11.978352384690448,1.2741164878224178,42.006684256750084
MMR,65+,207.31370681869248,63.38321486135518,476.2820604232631
MNG,0-4,3.846880790687307,1.4848962131070453,8.939224730761632
MNG,5-19,0.3502300334896323,0.13518881367576574,0.8138502717331751
MNG,20-64,5.11413046709291,1.974054663275606,11.884007858639816
MNG,65+,44.35632395770754,20.4128656385312,87.65312682378766
MYS,0-4,7.625783843220006,1.9768901924001736,26.408601495967616
MYS,5-19,1.1324801385554182,0.29358147634733656,3.921854762222033
MYS,20-64,15.113975229348085,3.9181112411994428,52.340711074134234
MYS,65+,271.363319511515,72.2411195078038,746.407273768575
NPL,0-4,21.014014239672782,2.1608738571365214,68.85959096815708
NPL,5-19,3.2916948637682184,0.3384854171916686,10.786361869077734
NPL,20-64,14.292058198729553,1.4696542304612654,46.83280740333873
NPL,65+,226.0598491321665,85.70540609788172,543.2883608837245
PHL,0-4,25.364476443724488,11.666544959206233,53.07327480448547
PHL,5-19,2.392386543671588,1.1003927178812363,5.005890373986012
PHL,20-64,15.230072616544783,7.0051643804718235,31.867790808279707
PHL,65+,500.67300555823545,252.82004677634785,903.9753755912028
PNG,0-4,23.167699537305282,3.882981124592111,85.29241162652532
PNG,5-19,2.72473133358218,0.4566737548045265,10.031160241066113
PNG,20-64,12.501278376023743,2.0952545542645544,46.023740051905826
PNG,65+,176.7544878760355,63.97435253874619,308.5050070988808
PRK,0-4,3.4456606540210553,0.8292904208017011,8.686170923949966
PRK,5-19,0.7655790112898874,0.18425707119145154,1.9299492363219666
PRK,20-64,3.3837361340936747,0.8143866283668334,8.53006531214369
PRK,65+,150.7872272957865,58.1297857366191,388.3054145695876
RUS,0-4,3.108568817761218,1.2462652874554336,6.179093628653041
RUS,5-19,0.44497220469030935,0.1783950895407341,0.884498647486848
RUS,20-64,12.810300111419965,5.135814352743571,25.46382224107118
RUS,65+,118.5754650411865,39.97352517391311,214.0353545994358
SGP,0-4,1.3362118778110321,1.146994040143575,1.5659685761422906
SGP,5-19,0.16127320805972908,0.13843568639905768,0.18900354067269334
SGP,20-64,4.627466067833056,3.9721814248995577,5.423141770946071
SGP,65+,357.393625446209,307.34388422015917,400.46239358758254
THA,0-4,2.7360306161030894,0.5785344650040593,7.438557896963409
THA,5-19,0.5698178799634546,0.12048815550314856,1.549187083611713
THA,20-64,5.363444242083815,1.1341018360359414,14.581814358020424
THA,65+,323.60336317587,129.9759251492449,650.3579203163853
TLS,0-4,22.89459791828446,3.4978747417452043,64.02315548049732
TLS,5-19,2.147588009998509,0.3281120674257082,6.005580948088088
TLS,20-64,10.382186101277409,1.586207657254964,29.033063492182485
TLS,65+,259.5145478677035,68.48193359080328,624.5421263819024
VNM,0-4,4.338122099017782,0.9896968215953326,8.916453563225318
VNM,5-19,0.8950499482004721,0.2041962094851225,1.8396603686428474
VNM,20-64,3.5536889940187866,0.8107366786921533,7.3041519279707865
VNM,65+,144.7483110129345,47.94767900076538,357.91034738670436
JPN,0-4,0.26144006090846045,0.1915824748409061,0.36815230629955614
JPN,5-19,0.0607015974181326,0.04448194442639018,0.08547822781213832
JPN,20-64,0.9264614693346219,0.6789081234264861,1.304616153500058
JPN,65+,129.5392696712795,102.04126457899012,155.77669848546137
TWN,0-4,0.2611084532414333,0.1438259142184439,0.40036607157857035
TWN,5-19,0.05433975788693329,0.029931874129216832,0.0833209156028575
TWN,20-64,0.7720847935945749,0.42528612120504616,1.1838626896203455
TWN,65+,83.67689388158956,58.3561862747297,115.16064029197557
AGO,0-4,44.88795641581006,5.540964291489245,158.97199210408726
AGO,5-19,4.6526002695348865,0.5743164540007009,16.477318024027273
AGO,20-64,16.214620792243394,2.0015309669614494,57.424547125237666
AGO,65+,310.7719363183175,104.61507136214284,754.8887796201975
BDI,0-4,29.847606157954388,4.286765532874529,121.07733549184012
BDI,5-19,7.434485977857256,1.0677539121851534,30.158122168551802
BDI,20-64,14.837114184131334,2.130932355354324,60.18701273046867
BDI,65+,333.5592365320295,110.43560649692868,791.7021977671405
BEN,0-4,47.502214991321964,5.324666991459974,163.55498106228725
BEN,5-19,7.234290482237905,0.8109135067584192,24.9084014932286
BEN,20-64,15.511658443901824,1.7387487239097035,53.40822535329181
BEN,65+,404.9865425682491,145.44700490464356,1022.9344543442032
BFA,0-4,61.231358026087065,7.942267247804696,173.61976410799335
BFA,5-19,7.4996214900291625,0.972769509796176,21.26496220193846
BFA,20-64,18.684932966541396,2.4236067255663865,52.980592928258766
BFA,65+,332.612752255502,85.64769688951999,733.0785486738389
BWA,0-4,33.59916453238233,6.3763956608954535,167.2558636077374
BWA,5-19,3.730124761551067,0.7078971062280298,18.568474753488005
BWA,20-64,22.2285390273825,4.218496554152179,110.65315294313169
BWA,65+,348.5853224533285,108.37063075779481,797.796708634225
CAF,0-4,45.96701854567985,5.199340188378824,210.2035236463774
CAF,5-19,4.919532692949338,0.5564494902595536,22.496632139059937
CAF,20-64,20.276382181776597,2.2934663175483996,92.72228472191496
CAF,65+,282.1775423241915,94.30677578172745,667.4647504875765
CIV,0-4,39.15219163214411,3.6392223554295287,127.0095181142735
CIV,5-19,3.93657976284534,0.36590771754183116,12.770245492129773
CIV,20-64,18.153262332753048,1.6873578553669792,58.88909419803787
CIV,65+,309.2856537838835,119.44544704672825,668.7583175745274
CMR,0-4,51.625605299810374,5.328988076677498,150.07576482138356
CMR,5-19,5.575163924720734,0.5754892733522766,16.20701559135286
CMR,20-64,20.4104738104864,2.1068454489543753,59.33329884825261
CMR,65+,387.0627291563435,150.8198429813952,968.5613009879556
COD,0-4,37.355110218894566,7.595730678184646,172.50053479672061
COD,5-19,6.499288439641352,1.321555318618346,30.012780716390438
COD,20-64,13.503266885972481,2.7457335272328174,62.35614741018515
COD,65+,392.71291409941796,139.56493766650502,899.6156172791316
COG,0-4,36.334654435066575,2.5135771234744237,115.45976995297373
COG,5-19,4.06594051806379,0.28127569204977804,12.920242786320651
COG,20-64,23.51985819648461,1.6270686601876803,74.7384957670567
COG,65+,345.391039397921,111.23058993592015,808.173821153813
COM,0-4,56.868558244997125,4.796382222493629,168.08414101199998
COM,5-19,5.770172080707679,0.4866652442533148,17.054668653614034
COM,20-64,22.647559389497303,1.9101302123869066,66.93849261312685
COM,65+,474.2123527332855,137.39865268960406,1010.7461099273107
CPV,0-4,37.94198963684971,3.750956827465332,103.06459707149331
CPV,5-19,3.6968001962294528,0.36546681047940355,10.041888322803356
CPV,20-64,28.56476653492018,2.8239216520962676,77.592561210959
CPV,65+,573.6246330394989,160.46380274288936,1517.6514101104426
ETH,0-4,35.64925999397231,3.861648383169797,199.51016739552094
ETH,5-19,6.640632559202106,0.7193357727426448,37.16412945801893
ETH,20-64,15.76109808096709,1.7072954370339866,88.20658036106941
ETH,65+,347.820354236353,104.49964336081311,915.3047825135815
GAB,0-4,31.608834860015826,4.101432625274662,125.60142147537215
GAB,5-19,3.4690600710165085,0.4501309908231657,13.784718039521957
GAB,20-64,18.200860661060776,2.3616689464812324,72.32325965915953
GAB,65+,359.5792035476255,143.4514127945369,941.5912542666393
GHA,0-4,37.979912667937036,7.3821216532480705,132.9959896485055
GHA,5-19,9.248664834206105,1.7976547111406342,32.38647079857512
GHA,20-64,21.288180656438332,4.137764632482136,74.54579158654451
GHA,65+,416.8076607167295,140.920598224359,988.3313179819817
GIN,0-4,44.38305099236398,7.851450531661232,230.48119037619836
GIN,5-19,6.573569877587487,1.162877665151418,34.13654934781646
GIN,20-64,13.725073822722157,2.4279930233061666,71.27431039399386
GIN,65+,377.81688767816104,136.074441385558,836.602466621084
GMB,0-4,38.87264175149756,2.2053951611915075,107.01437214614656
GMB,5-19,9.108053760667588,0.5167350811930493,25.074000910515554
GMB,20-64,19.502922994603075,1.1064761761330821,53.69053826144183
GMB,65+,309.954025051564,103.23773192256354,879.7731197139162
GNB,0-4,37.61152218351066,3.091528243550484,147.15272444641545
GNB,5-19,4.038088004577749,0.3319159234019941,15.79876636017987
GNB,20-64,14.382332060135374,1.182174588815855,56.26997323362279
GNB,65+,317.84507783035,144.6074974251917,714.4239382741135
GNQ,0-4,45.445417880799994,7.4056237147462936,163.13378811705664
GNQ,5-19,4.241705141803939,0.6912131883460102,15.22629695414068
GNQ,20-64,15.678773913332348,2.554957250371654,56.28153289780632
GNQ,65+,315.2308080967585,67.42440423556258,707.3555073406256
KEN,0-4,29.231629754936172,3.3830527418503964,107.17410686513558
KEN,5-19,3.631103508393886,0.42023707822654566,13.312985923450327
KEN,20-64,24.990820369243952,2.892252812451719,91.62571075765939
KEN,65+,329.3210086874575,107.52879175968837,767.0587795637142
LBR,0-4,42.999460722459986,4.931747090301472,137.2624263570852
LBR,5-19,4.429829919582075,0.5080715071623684,14.140856487380253
LBR,20-64,16.44173119171779,1.8857552769706976,52.48512141705422
LBR,65+,335.65230414811106,113.43367856927662,773.1206360418687
LSO,0-4,29.9610178166417,2.6454515689644356,119.62738389429215
LSO,5-19,3.336956379377034,0.29464140849332304,13.32369161412521
LSO,20-64,24.20579848592585,2.1372861220709742,96.64813010242088
LSO,65+,438.11956016634446,181.24904990453064,1055.792901029037
MDG,0-4,40.34159042327094,5.5504407754780924,159.21582600703414
MDG,5-19,7.4726586477269885,1.0281337157110995,29.492280958267518
MDG,20-64,18.652888755460793,2.566377607885394,73.61720396885671
MDG,65+,319.883869628627,89.57993425999045,746.1327465576616
MLI,0-4,56.38276878075602,7.273681932572719,192.9049784683845
MLI,5-19,6.321701330219105,0.8155336416261585,21.628729581043604
MLI,20-64,15.760602265625678,2.03320288139296,53.922478559389056
MLI,65+,270.37375453557746,88.36705796039749,608.2981354136408
MOZ,0-4,51.0775468580769,5.3188691456579225,176.60450644461434
MOZ,5-19,5.157409139208951,0.5370575924151869,17.832134696948838
MOZ,20-64,25.047707761910427,2.6082983263557984,86.60435629675598
MOZ,65+,345.8729136491145,93.92104839550552,725.544885530202
MRT,0-4,43.1640428068586,4.692899411123573,183.05491930557906
MRT,5-19,3.700226476709189,0.4022975959706259,15.69233591341778
MRT,20-64,13.263194637073386,1.442006685528745,56.2480450426641
MRT,65+,353.0077839180575,140.60136174947215,939.3684970474551
MUS,0-4,5.063456840048114,1.836775545614024,11.246798147980604
MUS,5-19,0.3270288803742572,0.11863015113115129,0.7263867200444857
MUS,20-64,7.5908747298450026,2.7535996679822143,16.8606228017858
MUS,65+,268.9073014221035,102.39308064542362,504.56743047532854
MWI,0-4,37.482997388562325,3.612119254534449,115.13404782282021
MWI,5-19,4.43142253939448,0.42704233371712996,13.611707977480405
MWI,20-64,27.378651050323164,2.638394992718198,84.09719443392521
MWI,65+,524.855517874358,117.35313011859952,1349.361181264814
NAM,0-4,29.984362252600675,5.116228777193272,77.6981745961099
NAM,5-19,4.031763621554064,0.687939429548706,10.447468288927222
NAM,20-64,31.849113291502583,5.434411063251515,82.5302851001881
NAM,65+,431.2510029886625,140.2882449352786,1000.9716781712829
NER,0-4,56.2422213352669,6.145053060100356,178.23553317729753
NER,5-19,5.642497346624023,0.616502064877334,17.881468746263728
NER,20-64,16.42462908773829,1.7945631385176246,52.05079837159136
NER,65+,304.01309038406504,123.01155232013424,516.4066438728502
NGA,0-4,43.791989656350815,6.216857549280415,163.3604180763059
NGA,5-19,9.374606361242106,1.3308505227957415,34.97077037355435
NGA,20-64,16.366402538677796,2.3234293297835014,61.05277202758455
NGA,65+,345.468077236604,141.35334762106433,762.8146721022505
SDN,0-4,46.79231230806866,4.400518545866856,216.20599552025138
SDN,5-19,6.845721561654492,0.6437964530063763,31.630966119978346
SDN,20-64,18.183328455976074,1.7100260737128319,84.01689159563367
SDN,65+,312.9179340079805,76.75670741354926,606.2410782405042
SEN,0-4,40.373037152257055,8.67751333430489,118.24984439487238
SEN,5-19,4.9602044781910495,1.0661135137804556,14.528097192709012
SEN,20-64,16.956444262204794,3.6445058773452677,49.664257061818645
SEN,65+,313.8432658138185,111.43208881636583,763.9625411386272
SLE,0-4,59.09028054155744,9.097519433845873,203.46724187936493
SLE,5-19,5.406509012001432,0.8323842830861856,18.61638609236615
SLE,20-64,14.648502791109722,2.255278492461084,50.43960585824498
SLE,65+,390.36839620298,105.29122169596096,890.6983537162656
SSD,0-4,43.430759109463516,5.0158287112929685,132.791385950189
SSD,5-19,9.371310905640172,1.082294927990807,28.65318011581627
SSD,20-64,18.46654712938563,2.132705925230635,56.46225019565186
SSD,65+,280.0908830847135,73.61288974522476,589.6930193056647
STP,0-4,19.548922926022946,1.9641595703585955,86.26889933520113
STP,5-19,4.25215283158851,0.42723104031855186,18.764642224758557
STP,20-64,25.411395092325716,2.553185925159773,112.13983980000572
STP,65+,443.17197620307206,173.49135458339308,882.3709550075598
SWZ,0-4,25.012351913831544,3.9335684073217116,77.82626294581951
SWZ,5-19,3.340530731792867,0.525348683543882,10.394105440653739
SWZ,20-64,29.379857289617078,4.620424294532279,91.41581353922852
SWZ,65+,420.94628012843293,137.07303579230398,995.9302940634753
TCD,0-4,47.9505292025734,6.6054869004657935,145.15777188868017
TCD,5-19,10.25338517905748,1.4124682795379753,31.039460286676558
TCD,20-64,17.225649515568893,2.3729415320196035,52.146179502042166
TCD,65+,251.35755314552648,59.541203587233895,616.534796340342
TGO,0-4,39.75354143902606,5.187947661874442,133.32414172089616
TGO,5-19,7.430304393164856,0.9696753775423992,24.919514591251065
TGO,20-64,18.423196029811873,2.404278293387153,61.78711907209341
TGO,65+,344.650418165256,94.60473487809759,797.0638443243208
TZA,0-4,47.57492379197895,5.75154591534064,163.39498526286962
TZA,5-19,5.051591261850078,0.6107095245197812,17.349574397493857
TZA,20-64,23.45472746738123,2.83554720024982,80.55472386323687
TZA,65+,381.17450399400303,141.4877744604895,855.3740336967743
UGA,0-4,43.31599419150417,5.729176427438414,130.76884525167054
UGA,5-19,5.022788903613962,0.6643376037812021,15.16355141162452
UGA,20-64,27.536373575644177,3.6420898407466606,83.13095063651734
UGA,65+,275.44567402221946,79.62782406894306,476.46726839241717
ZAF,0-4,34.021498331099615,27.69509371941724,43.1971995603547
ZAF,5-19,4.0792876402937,3.3207312742931414,5.179483882424292
ZAF,20-64,37.75979251015147,30.738240339004903,47.94372301138685
ZAF,65+,509.41743363926855,435.0420256091647,643.7552063684874
ZMB,0-4,51.40006080995038,8.543763591868938,191.79212987403858
ZMB,5-19,5.824030321549598,0.9680754737465886,21.731553663935465
ZMB,20-64,24.912369842308877,4.140956160205323,92.95701983568897
ZMB,65+,263.517183566361,72.63561016245929,620.6163037177994
ZWE,0-4,36.49838088231178,1.9092583438778388,141.2400613468727
ZWE,5-19,4.609848259639589,0.24114470398310303,17.83901738246185
ZWE,20-64,27.676518647554712,1.447779952971642,107.1015507305132
ZWE,65+,378.805129813088,146.55514308488344,1011.7477200493396
SOM,0-4,55.407104051601365,3.462696485393952,227.1457760095361
SOM,5-19,7.429723932085228,0.46432455526134464,30.45873696121013
SOM,20-64,15.564601145271457,0.9727180404898363,63.80830519727243
SOM,65+,317.89182657862597,91.93996653377013,781.1060680932676
AFG,0-4,23.35084881193592,3.7089038658028786,104.3078873546965
AFG,5-19,2.442341157087773,0.3879263076082296,10.909900892554786
AFG,20-64,8.510213848284456,1.3517095371958177,38.014996139990124
AFG,65+,149.9283026453375,54.66044001805606,292.52256924352787
ARE,0-4,1.7665462693351137,0.4853147846318926,3.3826330550974544
ARE,5-19,0.2276740291907035,0.06254779416819276,0.43595670846343476
ARE,20-64,0.9161862097426638,0.2516994435879239,1.7543394200857358
ARE,65+,86.88623797169156,30.93558936559407,179.75217424168832
ARM,0-4,0.7333834108367074,0.18527431731224211,2.119515089155733
ARM,5-19,0.04636962355210945,0.011714336894860037,0.13401055347712243
ARM,20-64,1.041892426853049,0.26321280962404325,3.0111217234552594
ARM,65+,74.57885445186565,17.983498713225327,243.87082519959063
AZE,0-4,13.587770621704287,1.880314397751399,44.0221026217809
AZE,5-19,1.3089767877730256,0.18113993596863376,4.24086570822945
AZE,20-64,10.22965617815228,1.4156089568587138,33.142373874108756
AZE,65+,50.98195156724646,15.158078594173386,145.25743715137702
BHR,0-4,1.1428173426105859,0.35696523601790636,2.7707117175082683
BHR,5-19,0.11196492149255438,0.034972854485228924,0.27145415838777814
BHR,20-64,0.9300764071923464,0.29051444341025606,2.254930428076228
BHR,65+,66.47528778288222,15.454287526262506,167.81308056272815
CYP,0-4,0.36894086085243755,0.08020375413009832,1.0262174226984766
CYP,5-19,0.056764269705114806,0.012339938493894632,0.15789111139262757
CYP,20-64,1.1642887912408055,0.2531037948286665,3.2384958387727747
CYP,65+,84.7752315803671,10.915696679843128,267.0405592622164
DJI,0-4,16.009364270745884,2.856822193945899,51.34366845028617
DJI,5-19,3.3647415333454975,0.600427857520736,10.791070200375284
DJI,20-64,7.893072604927606,1.4084947168944,25.31389104700272
DJI,65+,160.922816335352,52.271230972117735,320.23464079700716
EGY,0-4,17.047217225043948,3.200313151915451,76.67215998780486
EGY,5-19,1.0521945412707463,0.19753089224764683,4.732386942784289
EGY,20-64,14.540995903850357,2.7298144804933475,65.40009138172714
EGY,65+,182.0171614591785,67.31775794161983,361.48202099102434
ERI,0-4,15.941695079400322,1.5082497502247243,59.03243867796317
ERI,5-19,3.3985678966811212,0.32153978330163174,12.584969788624859
ERI,20-64,8.914671703072315,0.8434204331801849,33.011220452071655
ERI,65+,190.65053092210002,81.88541862634928,364.83738675998814
GEO,0-4,1.5364285015635337,0.26019677242533956,3.375000887909885
GEO,5-19,0.16431380711446772,0.027826821900658664,0.3609404826471519
GEO,20-64,3.643051932937524,0.6169570232286146,8.002522405600882
GEO,65+,65.35431135458913,21.7950855035081,242.15275613117234
IRN,0-4,2.8986969777780955,1.1273548952438508,6.536963334866264
IRN,5-19,0.5196312968922765,0.20209386864661236,1.1718405757739931
IRN,20-64,2.362935180313649,0.9189875875581882,5.3287462452235665
IRN,65+,105.531074066524,42.495834826184115,218.40082880593397
IRQ,0-4,21.062131525779645,1.400229506270723,67.09797599310065
IRQ,5-19,2.8055696395915204,0.18651680084919364,8.937748968753324
IRQ,20-64,13.446920494051819,0.8939634063723222,42.838073980625936
IRQ,65+,57.83063104858086,14.218191042526874,133.4869441052428
ISR,0-4,0.3837833364801787,0.24147103368248696,0.549461169988313
ISR,5-19,0.05068635621156741,0.03189113665084322,0.07256746695121456
ISR,20-64,0.8062986498967071,0.5073116780759632,1.1543747667510391
ISR,65+,76.6271191703169,57.7378644159499,99.26570240744057
JOR,0-4,5.621807867600299,1.476967325050275,14.02904568673532
JOR,5-19,0.530068859872087,0.13926025301748854,1.3227702595669573
JOR,20-64,3.4653865903716734,0.9104300401555885,8.647763841007285
JOR,65+,84.6459284448458,29.529027253587813,227.81560592773928
KAZ,0-4,3.794248960743801,1.6669144369418973,8.633941848551471
KAZ,5-19,0.63344956502446,0.2782912339012262,1.441435911295412
KAZ,20-64,8.973618889189487,3.942349337844226,20.419773310061558
KAZ,65+,71.99010809825232,20.94860541923382,153.71180946432693
KGZ,0-4,3.7325482108381585,0.7960311125512635,11.107562050344237
KGZ,5-19,0.27014905610468165,0.05761400564398703,0.8039272995353647
KGZ,20-64,3.8118986308662914,0.8129539758522629,11.343698240527685
KGZ,65+,21.18964997538739,7.721478168813226,39.97774254447739
KWT,0-4,4.0689099723707285,0.8726324047106623,10.34298943018597
KWT,5-19,0.30003062500957783,0.06434559810041827,0.7626645967293503
KWT,20-64,2.7134071575226852,0.5819266164418365,6.897361146011379
KWT,65+,122.5005739448155,57.605280753242226,232.42376565062355
LBN,0-4,1.189820621312723,0.31693583704323486,2.9264068864534245
LBN,5-19,0.1518154108717863,0.04043949437321599,0.37339549835233715
LBN,20-64,1.2875984119924455,0.34298117982702836,3.1668949019255783
LBN,65+,59.22731828144211,14.103314738792022,178.1451013758742
OMN,0-4,4.494949740485037,0.9335953994286135,14.477328593748796
OMN,5-19,0.389204497474891,0.08083728389814536,1.2535493666055662
OMN,20-64,2.3413393888732132,0.48629324200567453,7.540983022993013
OMN,65+,150.345260072811,43.900144379094804,354.1806942960252
PAK,0-4,33.212618910745604,4.670210644635946,104.31207810434667
PAK,5-19,1.850555906999167,0.26021693497242554,5.8121081275196795
PAK,20-64,9.097479906997307,1.2792471323986494,28.572785457288994
PAK,65+,38.92302126075731,11.01437887792597,116.02214990162655
PSE,0-4,5.614861126234904,1.2585430178146717,12.279081626499739
PSE,5-19,0.5253670359964226,0.11775839153953549,1.1489197281711037
PSE,20-64,3.2436611095732313,0.7270504024643251,7.093528875906542
PSE,65+,79.05162067648529,31.87033587117858,183.41150649250525
QAT,0-4,2.1910617326467494,0.44409400102919616,6.198776239500098
QAT,5-19,0.17055771485228863,0.034569385639195614,0.4825282165887074
QAT,20-64,1.0333123165748241,0.20943627198770684,2.9233643856439437
QAT,65+,20.778006036673265,4.480956879946779,71.30036799236281
RWA,0-4,17.644693931029384,2.580805947884642,59.883935095206915
RWA,5-19,1.9084924881250371,0.279146171880291,6.477190295014776
RWA,20-64,10.454643602515347,1.5291512846781152,35.48178287386279
RWA,65+,185.201778073556,67.48651617735149,416.59544660849036
SAU,0-4,3.100696764918085,0.7634076942857048,9.41247028778791
SAU,5-19,0.42470242941326986,0.10456395029150388,1.289226035655038
SAU,20-64,3.313388995810607,0.815773629392691,10.058118493820105
SAU,65+,153.948320440384,43.29045632304452,327.67909290813697
SYR,0-4,4.518014594934711,0.817708626249069,12.42873081841261
SYR,5-19,0.8885419891713315,0.1608158703481134,2.444314636931127
SYR,20-64,3.361453662460446,0.6083844128374609,9.247115486551857
SYR,65+,83.65593236307933,26.515708677385863,236.3091992375854
TJK,0-4,25.023092005458377,3.059802623432646,111.74440296677614
TJK,5-19,1.3174426389861873,0.16109577673744882,5.883239413593371
TJK,20-64,12.567407807367452,1.5367320461573168,56.1216608230489
TJK,65+,128.56741477920147,51.74523158528567,307.5939239701741
TKM,0-4,17.225089688114046,3.4216100454634275,66.82692890098633
TKM,5-19,0.8239509220221863,0.16367048316185814,3.196622524518621
TKM,20-64,9.119912515111821,1.8115890738720912,35.3818619389332
TKM,65+,51.38962052852295,14.120507802820061,143.84747755895123
TUR,0-4,2.14670728400567,0.782408316214446,4.749020376115546
TUR,5-19,0.1252884225156236,0.04566374951628209,0.27716739764716736
TUR,20-64,2.07371461182846,0.755804747968477,4.587543452801684
TUR,65+,101.14078303827682,32.75587108532579,217.25301360796004
UZB,0-4,8.858623763908485,2.8179277451892353,17.06711461668815
UZB,5-19,0.8951283197601908,0.28474027060880175,1.7245633223788963
UZB,20-64,9.744687238049028,3.099784488891574,18.774213515326263
UZB,65+,49.446187067861736,19.195382620335316,146.20794748403438
YEM,0-4,26.201759879753247,3.5895121083820225,112.70993542770793
YEM,5-19,2.115905740193467,0.2898686694891963,9.101816078110287
YEM,20-64,9.06811971729218,1.24228775757274,39.007577829781866
YEM,65+,190.1776188205545,54.66874406351292,406.3935665264579
