country,country_code,vacc_program,year,age1,age2,age3,age4
Australia,AUS,1,2025,944032.9754236278,2995706.5674366965,0,2987337.842681591
Australia,AUS,1,2026,866893.9426006111,2578787.484511001,0,2680558.8288842514
Australia,AUS,1,2027,880006.3733838452,2573974.9877508758,0,2746333.632165528
Australia,AUS,1,2028,891982.450047155,2572235.2460302846,0,2808541.909157066
Australia,AUS,1,2029,902425.2975350813,2572972.832248873,0,2867294.7027035095
Australia,AUS,1,2030,911601.2928044576,2575722.7456776765,0,2922755.5704823835
Australia,AUS,1,2031,923913.8815514714,2595377.823951846,0,2991449.019746675
Australia,AUS,1,2032,927232.7886739777,2585776.4460733393,0,3024455.92869068
Australia,AUS,1,2033,933712.6850741608,2592550.9326578653,0,3071009.776610445
Australia,AUS,1,2034,939622.51734426,2600151.2761717774,0,3114902.7982895286
Australia,AUS,1,2035,945025.6563321482,2608409.0333858957,0,3156282.3794317474
Australia,AUS,1,2036,954331.1183822736,2632669.0563133825,0,3212966.501436315
Australia,AUS,1,2037,954831.0880002922,2626319.630105808,0,3232038.641306791
Australia,AUS,1,2038,959036.0855934445,2635803.9424837474,0,3266667.7691232804
Australia,AUS,1,2039,962999.3819245559,2645480.751108177,0,3299301.9031055784
Australia,AUS,1,2040,966721.4471464661,2655285.8356018267,0,3330053.4341563466
Australia,AUS,1,2041,970231.937587504,2665155.0580109605,0,3359028.930131943
Australia,AUS,1,2042,978003.0540889484,2690896.28296299,0,3405165.6986537524
Australia,AUS,1,2043,976951.6770244285,2684933.6734298924,0,3412069.587935474
Australia,AUS,1,2044,979877.9717892776,2694810.8286950067,0,3436322.6466032467
Australia,AUS,1,2045,982701.0494554926,2704607.8958964697,0,3459192.3515203767
Australia,AUS,1,2046,985407.087601546,2714308.756252345,0,3480761.727819605
Australia,AUS,1,2047,988001.1813943542,2723881.3407673314,0,3501104.9966570204
Australia,AUS,1,2048,995024.4098495994,2749510.615711624,0,3539940.3913769214
Australia,AUS,1,2049,993143.0429763284,2742625.7340292805,0,3538424.2982713454
Australia,AUS,1,2050,995376.2668103878,2751813.404825817,0,3555529.172897879
Australia,AUS,1,2051,997566.9812286868,2760824.782501551,0,3571696.5755309453
Australia,AUS,1,2052,999692.0804391968,2769659.780934732,0,3586979.7699375274
Australia,AUS,1,2053,1006335.4448939214,2794777.84871459,0,3621561.7248157416
Australia,AUS,1,2054,1004002.319193154,2786808.7448340943,0,3615123.7414919236
Fiji,FJI,1,2025,53308.09630590375,161816.9938512391,0,38129.34497624214
Fiji,FJI,1,2026,48508.15799957515,139620.35113012145,0,37720.56745412805
Fiji,FJI,1,2027,49005.47064291467,139596.18287381117,0,41205.902941896704
Fiji,FJI,1,2028,49540.63267075589,139676.35524667497,0,44430.42409638662
Fiji,FJI,1,2029,50075.325965035634,139852.73454240293,0,47417.59259542875
Fiji,FJI,1,2030,50601.307575279796,140125.3207165161,0,50182.948571924484
Fiji,FJI,1,2031,51349.801935614574,141301.83385378146,0,53008.11037348583
Fiji,FJI,1,2032,51640.21066745939,140894.98020699638,0,55112.479837703264
Fiji,FJI,1,2033,52133.62594441319,141400.06191113344,0,57311.10905470757
Fiji,FJI,1,2034,52617.67462200733,141953.25147737053,0,59349.53001770518
Fiji,FJI,1,2035,53087.87821132197,142570.57896452595,0,61241.07088632795
Fiji,FJI,1,2036,53792.34393252912,144092.2245399849,0,63327.78222750991
Fiji,FJI,1,2037,54016.19369584823,143949.54877751227,0,64631.74419367831
Fiji,FJI,1,2038,54454.34491473714,144711.18206206185,0,66149.20011549648
Fiji,FJI,1,2039,54883.375083807274,145504.888823522,0,67562.6797764949
Fiji,FJI,1,2040,55304.20309963634,146330.6645463453,0,68885.46823547753
Fiji,FJI,1,2041,55716.8528323048,147172.47474861366,0,70120.1499470591
Fiji,FJI,1,2042,56372.960961323995,148914.92284363773,0,71651.77686314154
Fiji,FJI,1,2043,56527.289223538035,148928.254989661,0,72357.42312501837
Fiji,FJI,1,2044,56910.711509534296,149842.21567490976,0,73375.8383551148
Fiji,FJI,1,2045,57290.57458246851,150764.1982733653,0,74332.90674178844
Fiji,FJI,1,2046,57667.68855269943,151702.2153536861,0,75236.66646043207
Fiji,FJI,1,2047,58036.61336923546,152648.24967374155,0,76089.85766886604
Fiji,FJI,1,2048,58665.23111039359,154511.8335644366,0,77307.21089332835
Fiji,FJI,1,2049,58776.44756376153,154564.37488805462,0,77665.86836357736
Fiji,FJI,1,2050,59129.76558494572,155526.43883501424,0,78396.21141733137
Fiji,FJI,1,2051,59485.1653678454,156496.5248722302,0,79094.82802050722
Fiji,FJI,1,2052,59837.83000278474,157474.62815161282,0,79766.93140240095
Fiji,FJI,1,2053,60458.388978454066,159390.9848361017,0,80839.11339646968
Fiji,FJI,1,2054,60545.03277902933,159422.82247762545,0,81028.57975014052
New Caledonia,NCL,1,2025,12605.662269702587,40155.03407993587,0,22511.436619520493
New Caledonia,NCL,1,2026,11383.740661963879,34538.29874640039,0,20966.40261799134
New Caledonia,NCL,1,2027,11439.040227789823,34418.01128671826,0,22090.180776544228
New Caledonia,NCL,1,2028,11511.48278128185,34321.804401178895,0,23164.230552690395
New Caledonia,NCL,1,2029,11586.373293867822,34249.6492452965,0,24182.022051676056
New Caledonia,NCL,1,2030,11663.88805015395,34185.511328902474,0,25149.092661804432
New Caledonia,NCL,1,2031,11791.86746178244,34347.61200164823,0,26210.878220304185
New Caledonia,NCL,1,2032,11821.68232458102,34129.39172879188,0,26949.744213003356
New Caledonia,NCL,1,2033,11901.27537303357,34129.39065849184,0,27780.433907143582
New Caledonia,NCL,1,2034,11975.647717708294,34145.42514054473,0,28573.845604877817
New Caledonia,NCL,1,2035,12052.893901785721,34169.476862567564,0,29324.49791576049
New Caledonia,NCL,1,2036,12182.404250299745,34404.06500349716,0,30204.155095696296
New Caledonia,NCL,1,2037,12204.641438207596,34257.66758366118,0,30721.666103689906
New Caledonia,NCL,1,2038,12278.578022074065,34313.78718845124,0,31368.08429793723
New Caledonia,NCL,1,2039,12350.067497051125,34385.942349532306,0,31982.480183572865
New Caledonia,NCL,1,2040,12418.82568939702,34458.0975106867,0,32567.49585836485
New Caledonia,NCL,1,2041,12487.581702289595,34546.28715177975,0,33123.101018074165
New Caledonia,NCL,1,2042,12610.77780078738,34839.559505080164,0,33837.27744425181
New Caledonia,NCL,1,2043,12622.730623172843,34730.68476530614,0,34157.13344158694
New Caledonia,NCL,1,2044,12685.531848009354,34842.92503475407,0,34635.2644498239
New Caledonia,NCL,1,2045,12751.610479291805,34955.166394736705,0,35089.55076604264
New Caledonia,NCL,1,2046,12812.055333768252,35067.407755368506,0,35522.47706183849
New Caledonia,NCL,1,2047,12872.543573368892,35187.666355701636,0,35933.936880524016
New Caledonia,NCL,1,2048,12991.97969222336,35525.06010050817,0,36527.766695572194
New Caledonia,NCL,1,2049,12993.90557128009,35452.23639051984,0,36701.04301127509
New Caledonia,NCL,1,2050,13048.470057259412,35588.52835670624,0,37059.11329194888
New Caledonia,NCL,1,2051,13103.52293327091,35716.80419619516,0,37401.25784057869
New Caledonia,NCL,1,2052,13158.522656490235,35861.11451630482,0,37730.06192595054
New Caledonia,NCL,1,2053,13271.016346328746,36218.62540578805,0,38251.223419836235
New Caledonia,NCL,1,2054,13269.001305348742,36149.73629222282,0,38337.039005867475
New Zealand,NZL,1,2025,198610.31181557933,604181.1042711241,0,577995.5933688738
New Zealand,NZL,1,2026,181258.73456657593,521481.8110398357,0,518801.93493803474
New Zealand,NZL,1,2027,183271.0763311715,521649.7378295344,0,531640.941806684
New Zealand,NZL,1,2028,185204.57050958203,522234.99620780733,0,543797.3452954751
New Zealand,NZL,1,2029,186944.70382984218,523164.996069422,0,555298.7641700774
New Zealand,NZL,1,2030,188523.44321917693,524367.5820865108,0,566170.1637110321
New Zealand,NZL,1,2031,190828.97375551215,528908.0627468058,0,579613.995986259
New Zealand,NZL,1,2032,191342.30205121907,527414.1498884191,0,586157.3091078091
New Zealand,NZL,1,2033,192556.2375988568,529201.9778433616,0,595333.0411944867
New Zealand,NZL,1,2034,193695.58502709126,531102.0637205124,0,604007.6900618481
New Zealand,NZL,1,2035,194764.60802049347,533090.33924266,0,612202.0648248867
New Zealand,NZL,1,2036,196664.37462563577,538327.6473780938,0,623376.3637296854
New Zealand,NZL,1,2037,196773.28803875603,537283.3726503373,0,627270.9966351596
New Zealand,NZL,1,2038,197662.3192033468,539472.0622863362,0,634189.5031504938
New Zealand,NZL,1,2039,198517.26699199533,541684.8205151119,0,640735.3243478907
New Zealand,NZL,1,2040,199331.30234953028,543913.6132302537,0,646923.6582799006
New Zealand,NZL,1,2041,200110.04871969367,546158.4404244216,0,652778.8071363071
New Zealand,NZL,1,2042,201776.6516665061,551642.4882692808,0,661977.0651674496
New Zealand,NZL,1,2043,201630.12886246722,550632.0776402733,0,663561.849861306
New Zealand,NZL,1,2044,202309.50827505713,552868.8702909877,0,668523.062665008
New Zealand,NZL,1,2045,202976.6574971454,555081.6285155449,0,673226.3396347597
New Zealand,NZL,1,2046,203619.10827461357,557286.36950748,0,677684.477228653
New Zealand,NZL,1,2047,204242.52446260944,559467.0587788726,0,681913.393792388
New Zealand,NZL,1,2048,205786.42615245382,564941.199713107,0,689749.188331674
New Zealand,NZL,1,2049,205495.6043162419,563740.2654047904,0,689740.660010389
New Zealand,NZL,1,2050,206054.62425925073,565856.799040797,0,693364.0927136893
New Zealand,NZL,1,2051,206607.12825253926,567933.2641840461,0,696809.6445440834
New Zealand,NZL,1,2052,207145.90687024686,569985.6776152452,0,700092.7962817575
New Zealand,NZL,1,2053,208623.97181137765,575385.0028116766,0,707144.1386440027
New Zealand,NZL,1,2054,208243.4353661408,573986.2984045129,0,706204.4135852315
Solomon Islands,SLB,1,2025,64760.19821579298,167838.39337015714,0,17145.679986072413
Solomon Islands,SLB,1,2026,60173.031468362075,146418.97632439894,0,18791.134760713485
Solomon Islands,SLB,1,2027,61787.13065319699,148134.54391678117,0,21949.252337341528
Solomon Islands,SLB,1,2028,63479.77653817564,150050.66424368604,0,24977.5117095605
Solomon Islands,SLB,1,2029,65191.8265807421,152167.21563598205,0,27880.622857108294
Solomon Islands,SLB,1,2030,66925.98845555737,154476.18078667202,0,30666.25388212486
Solomon Islands,SLB,1,2031,68981.78022958031,157890.94865500607,0,33509.71272563133
Solomon Islands,SLB,1,2032,70468.33922669441,159607.21943977373,0,35925.38692246384
Solomon Islands,SLB,1,2033,72255.07443370903,162421.2657130045,0,38417.285015634414
Solomon Islands,SLB,1,2034,74066.76640135935,165403.67901530745,0,40823.95993617219
Solomon Islands,SLB,1,2035,75903.38721401524,168530.40263941977,0,43158.78455976104
Solomon Islands,SLB,1,2036,78108.40129851455,172810.66754966218,0,45657.2959038953
Solomon Islands,SLB,1,2037,79673.3966638227,175200.75184722702,0,47626.2656559009
Solomon Islands,SLB,1,2038,81579.00468998488,178752.38371079304,0,49777.40632665444
Solomon Islands,SLB,1,2039,83515.62471814181,182432.29688849617,0,51878.24559444847
Solomon Islands,SLB,1,2040,85479.86446592848,186232.46866926414,0,53936.64408202813
Solomon Islands,SLB,1,2041,87477.46626297222,190160.91628958023,0,55958.11150250691
Solomon Islands,SLB,1,2042,89907.29135107524,195359.6048005217,0,58253.33284497023
Solomon Islands,SLB,1,2043,91600.08309667185,198378.59353516594,0,59914.21934155891
Solomon Islands,SLB,1,2044,93688.30667359149,202667.8107531955,0,61856.547448808335
Solomon Islands,SLB,1,2045,95821.74185658063,207069.27552863053,0,63783.46928149586
Solomon Islands,SLB,1,2046,97991.09014706216,211582.98166820238,0,65694.81127408647
Solomon Islands,SLB,1,2047,100199.08796425673,216208.92916765186,0,67598.54423987666
Solomon Islands,SLB,1,2048,102905.84125939207,222263.48698116126,0,69860.91738925729
Solomon Islands,SLB,1,2049,104770.82697583105,225813.58979005596,0,71389.0743349285
Solomon Islands,SLB,1,2050,107093.9399053453,230792.2887908616,0,73286.17039256632
Solomon Islands,SLB,1,2051,109471.07028336225,235883.23620607686,0,75186.61574755397
Solomon Islands,SLB,1,2052,111892.31281007735,241086.42498625375,0,77095.64011617997
Solomon Islands,SLB,1,2053,114871.16474988697,247868.95037568963,0,79436.4329170501
Solomon Islands,SLB,1,2054,116915.7913121067,251853.5862250881,0,80953.092235617
Tonga,TON,1,2025,7428.557598583311,22285.67279575001,0,4320.439202839682
Tonga,TON,1,2026,6817.718855504449,19241.39205927595,0,4224.633861432282
Tonga,TON,1,2027,6929.547388908604,19249.393249081997,0,4602.418327706368
Tonga,TON,1,2028,7048.067641535314,19281.462205310996,0,4961.880268239854
Tonga,TON,1,2029,7166.559495537366,19337.582888533332,0,5308.06582296475
Tonga,TON,1,2030,7285.0900194934075,19417.755291449637,0,5643.6001544406145
Tonga,TON,1,2031,7436.9259373600735,19621.446377704277,0,5993.527326759381
Tonga,TON,1,2032,7519.512249727654,19610.169672371925,0,6268.841176325059
Tonga,TON,1,2033,7632.26958106798,19738.44489915727,0,6564.062574801945
Tonga,TON,1,2034,7748.18188878515,19874.737980823797,0,6845.957616540874
Tonga,TON,1,2035,7863.9567159970875,20027.06554292116,0,7117.121559298359
Tonga,TON,1,2036,8018.5379035965225,20306.94698011596,0,7419.103542690196
Tonga,TON,1,2037,8098.546935688721,20371.807505776196,0,7632.837077021183
Tonga,TON,1,2038,8211.382462356198,20564.220628143248,0,7874.54946251187
Tonga,TON,1,2039,8330.038472683396,20756.634389146267,0,8108.294386202048
Tonga,TON,1,2040,8448.542433229382,20957.065390659824,0,8339.438794399477
Tonga,TON,1,2041,8564.360646927566,21173.53087193013,0,8562.560609938246
Tonga,TON,1,2042,8719.374301000149,21516.653915615447,0,8826.981892068608
Tonga,TON,1,2043,8799.075774949362,21614.47975210317,0,8989.993444643434
Tonga,TON,1,2044,8914.692597494959,21846.979035462486,0,9194.47608244479
Tonga,TON,1,2045,9033.353411976695,22095.51347614041,0,9390.847304260105
Tonga,TON,1,2046,9152.038919386569,22352.065157017347,0,9587.397860415174
Tonga,TON,1,2047,9270.696942775432,22608.616837815865,0,9775.747849830701
Tonga,TON,1,2048,9437.316941976298,23000.56108540826,0,10014.896522237663
Tonga,TON,1,2049,9516.512599341355,23137.755405265878,0,10144.738554347789
Tonga,TON,1,2050,9640.463853395317,23418.358080479335,0,10327.96260375657
Tonga,TON,1,2051,9764.617623184402,23690.94424088493,0,10508.426517369326
Tonga,TON,1,2052,9885.971333807498,23979.56488164506,0,10686.21804183621
Tonga,TON,1,2053,10055.517374439902,24411.885837511873,0,10919.828392536503
Tonga,TON,1,2054,10143.174987949506,24556.80693296783,0,11031.409970305784
Vanuatu,VUT,1,2025,28789.52651341063,76366.93288168956,0,8288.315721983072
Vanuatu,VUT,1,2026,26610.248221874597,66495.04405818116,0,8930.82898102634
Vanuatu,VUT,1,2027,27219.70371964027,67128.35067919065,0,10335.791712107404
Vanuatu,VUT,1,2028,27869.763601866514,67849.90226452473,0,11683.544397086816
Vanuatu,VUT,1,2029,28533.445681584275,68651.62627829856,0,12978.046055683328
Vanuatu,VUT,1,2030,29213.599011916023,69517.48821136098,0,14221.839480364179
Vanuatu,VUT,1,2031,30034.818791882437,70880.76141610541,0,15493.931603849625
Vanuatu,VUT,1,2032,30612.85367152273,71481.71427502038,0,16567.76489338377
Vanuatu,VUT,1,2033,31324.55636641383,72556.0222085567,0,17680.66865405721
Vanuatu,VUT,1,2034,32042.71022494242,73702.48753829625,0,18758.82501934347
Vanuatu,VUT,1,2035,32774.8745328371,74913.09078837585,0,19799.620285825702
Vanuatu,VUT,1,2036,33667.398598080385,76622.83701746329,0,20918.189113462275
Vanuatu,VUT,1,2037,34278.679049601094,77502.66175445693,0,21798.94801039135
Vanuatu,VUT,1,2038,35039.79268653825,78881.62461852084,0,22759.70564385684
Vanuatu,VUT,1,2039,35807.7039439701,80308.69334598485,0,23693.930828009365
Vanuatu,VUT,1,2040,36586.789268075525,81799.89999451108,0,24612.427197250025
Vanuatu,VUT,1,2041,37382.50261615561,83331.192842717,0,25512.227391279896
Vanuatu,VUT,1,2042,38359.59116026242,85421.43878763214,0,26534.380705363616
Vanuatu,VUT,1,2043,39016.465997159656,86562.14328828568,0,27267.022477864368
Vanuatu,VUT,1,2044,39843.936104907385,88253.77822847951,0,28124.441063414837
Vanuatu,VUT,1,2045,40683.88560062219,89977.48483452476,0,28974.070631710947
Vanuatu,VUT,1,2046,41540.42731654142,91749.29488216275,0,29810.407599209015
Vanuatu,VUT,1,2047,42407.95388959531,93577.22560983304,0,30644.37140737197
Vanuatu,VUT,1,2048,43482.944186012566,96002.34209109357,0,31639.45367076222
Vanuatu,VUT,1,2049,44202.93130738977,97353.34871139101,0,32299.687004603074
Vanuatu,VUT,1,2050,45113.115412387786,99309.55223420382,0,33123.36251465279
Vanuatu,VUT,1,2051,46041.69688473813,101305.84499975512,0,33944.68455837938
Vanuatu,VUT,1,2052,46986.87779280336,103350.24120738126,0,34768.99289700307
Vanuatu,VUT,1,2053,48160.13986799018,106067.10376444971,0,35784.79756357692
Vanuatu,VUT,1,2054,48942.55023056319,107583.34730926903,0,36426.307076878125
Samoa,WSM,1,2025,18122.959004037653,49553.61299005015,0,8059.459243092484
Samoa,WSM,1,2026,16871.208697901657,43060.631979321406,0,7999.295667033905
Samoa,WSM,1,2027,17331.850995547564,43405.337462749594,0,8809.451546566203
Samoa,WSM,1,2028,17799.594507404927,43814.21669275227,0,9593.940531357308
Samoa,WSM,1,2029,18259.415333933848,44295.2511013492,0,10351.74840821936
Samoa,WSM,1,2030,18719.554390550093,44832.40618921353,0,11088.198349029179
Samoa,WSM,1,2031,19262.457085708462,45694.66312063569,0,11863.381395288741
Samoa,WSM,1,2032,19640.970909929816,46067.06260688739,0,12499.65087960902
Samoa,WSM,1,2033,20098.153913773232,46748.52657125858,0,13177.289894861557
Samoa,WSM,1,2034,20561.708314009862,47478.09541686155,0,13833.526722985382
Samoa,WSM,1,2035,21028.088200781676,48247.75046298847,0,14473.877941046887
Samoa,WSM,1,2036,21593.22544825568,49347.97807252734,0,15182.367781984942
Samoa,WSM,1,2037,21978.42714934405,49899.303476720015,0,15717.420794466761
Samoa,WSM,1,2038,22455.16287093288,50773.18108076709,0,16323.127777841406
Samoa,WSM,1,2039,22935.666332022163,51679.12920498937,0,16918.290884070935
Samoa,WSM,1,2040,23424.564519789987,52625.16353004898,0,17502.834890991882
Samoa,WSM,1,2041,23921.767026488902,53603.266815009374,0,18076.754628809427
Samoa,WSM,1,2042,24530.86495682193,54936.82410749864,0,18743.999767477664
Samoa,WSM,1,2043,24936.33325462999,55639.64752610799,0,19208.915338462943
Samoa,WSM,1,2044,25452.057841048427,56705.938710227085,0,19769.80529427707
Samoa,WSM,1,2045,25977.045787430143,57804.3005938427,0,20322.729900590453
Samoa,WSM,1,2046,26513.012516635077,58926.714198389964,0,20873.058343010798
Samoa,WSM,1,2047,27057.255035414746,60081.1967629686,0,21420.862689283513
Samoa,WSM,1,2048,27733.362787710957,61614.40637377849,0,22088.433207586608
Samoa,WSM,1,2049,28177.116584670795,62454.30176684531,0,22516.891911205385
Samoa,WSM,1,2050,28742.483234000967,63688.95477763537,0,23064.996531311357
Samoa,WSM,1,2051,29317.272040714164,64947.66146081735,0,23613.204331333116
Samoa,WSM,1,2052,29906.008282255778,66230.41986522014,0,24164.35618125955
Samoa,WSM,1,2053,30642.17389555481,67945.20598278103,0,24850.137039695383
Samoa,WSM,1,2054,31125.752597480092,68884.12847059514,0,25275.081903764843
Australia,AUS,2,2025,853810.4012081001,2709402.629814992,0,2701833.7159880656
Australia,AUS,2,2026,621045.7879077588,1702830.2061608809,0,1822818.3966115045
Australia,AUS,2,2027,619110.6696904247,1699160.3606873672,0,1865567.2601287905
Australia,AUS,2,2028,621580.5406681126,1696222.2113215404,0,1906272.5603740383
Australia,AUS,2,2029,623961.0137490628,1693929.9340255961,0,1944819.3979020708
Australia,AUS,2,2030,626237.2974742064,1692225.2845224473,0,1981233.2296137952
Australia,AUS,2,2031,633382.3365407977,1709849.9832767632,0,2035890.0645268462
Australia,AUS,2,2032,630730.5639550809,1690351.4506263074,0,2048007.290585025
Australia,AUS,2,2033,632572.3337767471,1690102.4145051292,0,2078524.6669331575
Australia,AUS,2,2034,634411.0638068173,1690229.4693424741,0,2107275.6390570416
Australia,AUS,2,2035,636153.5420532261,1690679.454968684,0,2134341.7618035018
Australia,AUS,2,2036,642860.7320715106,1710224.681151107,0,2181738.3897797246
Australia,AUS,2,2037,639627.255985487,1692410.797018636,0,2183768.5434383517
Australia,AUS,2,2038,640970.9911563528,1693654.6527987309,0,2206264.371402952
Australia,AUS,2,2039,642331.4837131351,1695084.0177753265,0,2227405.0205200333
Australia,AUS,2,2040,643613.9826924782,1696661.6133977775,0,2247255.002077325
Australia,AUS,2,2041,644824.3692545211,1698371.55760681,0,2265885.18802049
Australia,AUS,2,2042,651084.1103698594,1719088.917379549,0,2306701.2957154256
Australia,AUS,2,2043,647294.611089279,1702093.423680769,0,2299752.7995989337
Australia,AUS,2,2044,648162.8365398233,1704104.9000087883,0,2315084.718906073
Australia,AUS,2,2045,649070.706736335,1706158.950286022,0,2329444.5324603184
Australia,AUS,2,2046,649922.1457660998,1708239.4705071952,0,2342884.100284629
Australia,AUS,2,2047,650719.1358417347,1710341.1664930305,0,2355451.3893239987
Australia,AUS,2,2048,656637.4481846747,1731480.647347097,0,2391501.0093852966
Australia,AUS,2,2049,652436.8907101408,1714544.7829522372,0,2378180.495504642
Australia,AUS,2,2050,652945.6965589203,1716667.4304032098,0,2388406.542209172
Australia,AUS,2,2051,653518.2800349426,1718758.538210583,0,2397947.336305742
Australia,AUS,2,2052,654051.7961314243,1720823.1765329828,0,2406843.043996004
Australia,AUS,2,2053,659747.4050633853,1741993.5444869483,0,2439983.3556591226
Australia,AUS,2,2054,655286.1477609781,1724815.036478222,0,2422849.1782801654
Fiji,FJI,2,2025,48213.36571866988,146351.91358693322,0,34485.26924322557
Fiji,FJI,2,2026,34700.40785651802,92194.68136659803,0,26707.063566276698
Fiji,FJI,2,2027,34445.733285221766,92146.40088634608,0,28986.071478388178
Fiji,FJI,2,2028,34499.64846920046,92093.46092012152,0,31109.125236838583
Fiji,FJI,2,2029,34600.45723680476,92056.40338555665,0,33081.82246641729
Fiji,FJI,2,2030,34735.20403035637,92029.93373618743,0,34908.224015086445
Fiji,FJI,2,2031,35167.80408309614,93047.7077430367,0,36933.01218063357
Fiji,FJI,2,2032,35083.62438742536,92045.82775318756,0,38168.48337970014
Fiji,FJI,2,2033,35264.00764516229,92098.75521919127,0,39619.1561127976
Fiji,FJI,2,2034,35455.512923944734,92183.4583727151,0,40964.42474891635
Fiji,FJI,2,2035,35651.49946785693,92294.63125628774,0,42208.86250694259
Fiji,FJI,2,2036,36133.94012907431,93454.52073404571,0,43771.59719814176
Fiji,FJI,2,2037,36064.41181442936,92596.39829973332,0,44438.3036622173
Fiji,FJI,2,2038,36254.53360124213,92781.67428907569,0,45433.49480280072
Fiji,FJI,2,2039,36449.50291499542,92993.43209161286,0,46356.81713388287
Fiji,FJI,2,2040,36639.954807531256,93221.0717373475,0,47213.0010194322
Fiji,FJI,2,2041,36826.24308058141,93469.88715800089,0,48011.17951808527
Fiji,FJI,2,2042,37301.501779927195,94776.66228914505,0,49220.00762181113
Fiji,FJI,2,2043,37209.28791557527,94015.17579409377,0,49446.275008575096
Fiji,FJI,2,2044,37377.86261809355,94311.62442164494,0,50092.45483413325
Fiji,FJI,2,2045,37550.33150014069,94618.67320891653,0,50696.6393763714
Fiji,FJI,2,2046,37720.90782022153,94941.60384284964,0,51260.644560627414
Fiji,FJI,2,2047,37887.43487686968,95275.12236436392,0,51789.51022830174
Fiji,FJI,2,2048,38349.43085135012,96676.90605671739,0,52792.20648881639
Fiji,FJI,2,2049,38229.576299553846,95963.34773589771,0,52753.003170795455
Fiji,FJI,2,2050,38380.58011800791,96312.73554642106,0,53191.72504337695
Fiji,FJI,2,2051,38533.55857703719,96672.7237717494,0,53606.09819487429
Fiji,FJI,2,2052,38684.85538338769,97038.00595405402,0,53995.98531520317
Fiji,FJI,2,2053,39141.97031900604,98480.79938805432,0,54894.74056583734
Fiji,FJI,2,2054,39000.2540101974,97763.28916500999,0,54719.17181363178
New Caledonia,NCL,2,2025,11400.921196803318,36317.360358021055,0,20359.986602436496
New Caledonia,NCL,2,2026,8126.002718562516,22811.76468611379,0,14437.45998213801
New Caledonia,NCL,2,2027,8035.933016808539,22726.904290115708,0,15174.37511473177
New Caledonia,NCL,2,2028,8016.318203104899,22642.201064417415,0,15878.736114256928
New Caledonia,NCL,2,2029,8008.887366756294,22552.204025645962,0,16551.165022317447
New Caledonia,NCL,2,2030,8013.909697371512,22472.794875907595,0,17188.738153472208
New Caledonia,NCL,2,2031,8091.250991310811,22642.340289613963,0,17968.901370393196
New Caledonia,NCL,2,2032,8049.175666762773,22319.27344366587,0,18373.510290107606
New Caledonia,NCL,2,2033,8069.963350562925,22255.743202944253,0,18925.00481171699
New Caledonia,NCL,2,2034,8095.267773708207,22202.803769262486,0,19448.038802022893
New Caledonia,NCL,2,2035,8122.19504738451,22155.15828161794,0,19944.839724150246
New Caledonia,NCL,2,2036,8217.057582925801,22358.64201174383,0,20618.045164438805
New Caledonia,NCL,2,2037,8187.625767351208,22081.045974946428,0,20860.573094993993
New Caledonia,NCL,2,2038,8216.24887491659,22059.867318232296,0,21282.93850104389
New Caledonia,NCL,2,2039,8248.129326697102,22043.985490780615,0,21686.25974601103
New Caledonia,NCL,2,2040,8279.668394784601,22038.691555701796,0,22068.141097615982
New Caledonia,NCL,2,2041,8309.15283500534,22038.691563512435,0,22428.817714346587
New Caledonia,NCL,2,2042,8406.593881446315,22283.702879981367,0,23001.609998145577
New Caledonia,NCL,2,2043,8373.071427883453,22043.988408657427,0,23099.802877837483
New Caledonia,NCL,2,2044,8399.31409791156,22054.573420362434,0,23407.56752979655
New Caledonia,NCL,2,2045,8428.680585852284,22070.455256516794,0,23701.26273215942
New Caledonia,NCL,2,2046,8457.915352942695,22091.631040082233,0,23979.210108112624
New Caledonia,NCL,2,2047,8483.121380920937,22118.100767508215,0,24243.08449904449
New Caledonia,NCL,2,2048,8577.885803277994,22390.758892675247,0,24741.773538492616
New Caledonia,NCL,2,2049,8538.96401948321,22176.33706826829,0,24730.837658531556
New Caledonia,NCL,2,2050,8563.034550826973,22213.39178295865,0,24955.75090214229
New Caledonia,NCL,2,2051,8586.387547029532,22245.155449733138,0,25170.391032918997
New Caledonia,NCL,2,2052,8607.89285540381,22287.507008868113,0,25372.828047396302
New Caledonia,NCL,2,2053,8699.681059991022,22578.106873731424,0,25825.305205457826
New Caledonia,NCL,2,2054,8655.923321177088,22366.919108816488,0,25747.868321210102
New Zealand,NZL,2,2025,179628.84182009508,546438.6567731813,0,522755.73239307065
New Zealand,NZL,2,2026,129661.1778655999,344347.0025547157,0,352885.7502049856
New Zealand,NZL,2,2027,128797.4157170631,344360.51282569283,0,361233.6024243663
New Zealand,NZL,2,2028,128949.66573964892,344376.39252358367,0,369194.03552904516
New Zealand,NZL,2,2029,129164.75034248494,344408.15630716033,0,376743.1127627478
New Zealand,NZL,2,2030,129423.24577208619,344471.6837543441,0,383886.01381946256
New Zealand,NZL,2,2031,130741.5607770155,348402.9909201133,0,394569.2553152248
New Zealand,NZL,2,2032,130078.25600921857,344720.54449280916,0,397022.69320818613
New Zealand,NZL,2,2033,130376.22131956794,344911.0814830461,0,403045.37068874214
New Zealand,NZL,2,2034,130699.93009213351,345149.3090192117,0,408731.56969656365
New Zealand,NZL,2,2035,131027.33409739309,345429.888149009,0,414096.52524874883
New Zealand,NZL,2,2036,132393.71481997016,349596.665491875,0,423412.8490376385
New Zealand,NZL,2,2037,131726.3818727225,346107.5584880386,0,423938.5101276999
New Zealand,NZL,2,2038,132012.65693755363,346499.2651585947,0,428438.07824107865
New Zealand,NZL,2,2039,132313.85448435627,346928.07466040057,0,432680.8374441065
New Zealand,NZL,2,2040,132608.4573879324,347378.0599820825,0,436680.01652512554
New Zealand,NZL,2,2041,132890.49391224878,347849.2210774559,0,440445.4180915485
New Zealand,NZL,2,2042,134218.49603074652,352219.53725785896,0,448526.6301335894
New Zealand,NZL,2,2043,133482.7449083667,348855.1162644297,0,447339.08669346274
New Zealand,NZL,2,2044,133707.16271731353,349389.7590524727,0,450482.79773098853
New Zealand,NZL,2,2045,133946.07778528615,349929.7413587992,0,453441.8753578708
New Zealand,NZL,2,2046,134174.8027112566,350480.3116017905,0,456227.8194069841
New Zealand,NZL,2,2047,134391.67507125548,351036.17578538717,0,458848.8645611113
New Zealand,NZL,2,2048,135669.0795706112,355495.45034698304,0,466044.401281203
New Zealand,NZL,2,2049,134860.7879784353,352142.6563096962,0,463635.5637071663
New Zealand,NZL,2,2050,135026.1382656124,352703.76837349875,0,465811.2784316678
New Zealand,NZL,2,2051,135202.47239105828,353264.9264424285,0,467860.5466814119
New Zealand,NZL,2,2052,135375.12207596205,353815.496670017,0,469787.5441536681
New Zealand,NZL,2,2053,136613.71429760088,358305.66984120815,0,476442.77646271134
New Zealand,NZL,2,2054,135753.33538157932,354906.0957064153,0,473298.52737614367
Solomon Islands,SLB,2,2025,58570.97396002495,151797.8393892335,0,15507.042962482237
Solomon Islands,SLB,2,2026,43203.185837161305,96683.97736423681,0,13641.739752851501
Solomon Islands,SLB,2,2027,43420.27289030725,97773.86639523633,0,15723.820364230365
Solomon Islands,SLB,2,2028,44103.07315700874,98880.30007802142,0,17738.787888006635
Solomon Islands,SLB,2,2029,44860.00064255208,100034.3801614265,0,19677.158909034486
Solomon Islands,SLB,2,2030,45681.97230430487,101236.10574501831,0,21538.505929227733
Solomon Islands,SLB,2,2031,46908.82539923211,103640.89956860295,0,23536.97179134907
Solomon Islands,SLB,2,2032,47483.866327281874,103830.15245661068,0,25061.973368241455
Solomon Islands,SLB,2,2033,48419.5050368025,105227.74045299581,0,26728.290994620842
Solomon Islands,SLB,2,2034,49392.43913351761,106699.45717684145,0,28338.779969050494
Solomon Islands,SLB,2,2035,50395.43397082637,108239.99519549025,0,29894.88032433014
Solomon Islands,SLB,2,2036,51814.2509797201,111081.29103898171,0,31693.041887019506
Solomon Islands,SLB,2,2037,52489.646877853134,111548.72538826751,0,32873.66133739215
Solomon Islands,SLB,2,2038,53545.31026973348,113306.30060267686,0,34301.267039059865
Solomon Islands,SLB,2,2039,54625.204503857836,115138.00554083988,0,35692.783674386876
Solomon Islands,SLB,2,2040,55726.55469761836,117033.23783185233,0,37051.13509361273
Solomon Islands,SLB,2,2041,56843.32459129059,118997.29140226035,0,38382.16938150451
Solomon Islands,SLB,2,2042,58424.61598011216,122375.69790280984,0,40060.08800732547
Solomon Islands,SLB,2,2043,59160.76452888267,123121.29053606013,0,40969.371985916034
Solomon Islands,SLB,2,2044,60316.328987663626,125281.20402869844,0,42228.73913650873
Solomon Islands,SLB,2,2045,61500.171875818894,127504.66085231256,0,43471.65406911065
Solomon Islands,SLB,2,2046,62702.01723881857,129786.35109060988,0,44697.719809139526
Solomon Islands,SLB,2,2047,63921.741957519385,132126.27471958316,0,45914.28963982879
Solomon Islands,SLB,2,2048,65665.86255827078,136025.336316815,0,47571.063635097365
Solomon Islands,SLB,2,2049,66454.50643434841,136991.42789384423,0,48320.82744195875
Solomon Islands,SLB,2,2050,67716.46142122526,139511.3278129528,0,49512.20151149887
Solomon Islands,SLB,2,2051,69012.40220871159,142089.47892029854,0,50698.07931861102
Solomon Islands,SLB,2,2052,70332.10010714161,144725.86344807164,0,51885.21358651342
Solomon Islands,SLB,2,2053,72224.36480963085,149048.69711592945,0,53578.95604984636
Solomon Islands,SLB,2,2054,73071.21573486447,150152.17646871842,0,54257.747157405436
Tonga,TON,2,2025,6718.599782807043,20155.799348421133,0,3907.5286830064288
Tonga,TON,2,2026,4881.573249281357,12700.260729168494,0,2971.2405717274114
Tonga,TON,2,2027,4862.054002195696,12700.173308178475,0,3217.811667934266
Tonga,TON,2,2028,4889.98102577863,12710.761116126228,0,3456.503316751805
Tonga,TON,2,2029,4927.05362255699,12726.642964808727,0,3687.02560842394
Tonga,TON,2,2030,4969.415414228587,12747.81875826417,0,3909.1695431898934
Tonga,TON,2,2031,5056.515357648632,12916.304418380058,0,4160.5726422915905
Tonga,TON,2,2032,5070.881539204752,12800.75990781595,0,4328.781481952924
Tonga,TON,2,2033,5126.738913960624,12832.521916213796,0,4524.141829018537
Tonga,TON,2,2034,5180.644511905431,12880.167429657435,0,4712.321551256246
Tonga,TON,2,2035,5236.788178098644,12927.812941173432,0,4893.423711454191
Tonga,TON,2,2036,5338.0309115873,13130.416444852699,0,5113.6190719350625
Tonga,TON,2,2037,5358.959369043345,13044.281450082044,0,5234.582095151472
Tonga,TON,2,2038,5417.629916536101,13113.101036825732,0,5396.116373183309
Tonga,TON,2,2039,5479.057494900736,13192.510213055353,0,5552.2957276009465
Tonga,TON,2,2040,5542.520543132117,13277.213335280254,0,5703.354613704431
Tonga,TON,2,2041,5605.832262962899,13361.916457576408,0,5849.104914482051
Tonga,TON,2,2042,5713.228440548904,13606.815620698353,0,6047.172389972349
Tonga,TON,2,2043,5732.893419598846,13557.79419535183,0,6124.42797699775
Tonga,TON,2,2044,5795.2835810083525,13663.671324192062,0,6255.8264328891555
Tonga,TON,2,2045,5858.612293024447,13774.84416533923,0,6382.064075962708
Tonga,TON,2,2046,5923.926276001885,13886.017008199435,0,6506.711839663089
Tonga,TON,2,2047,5989.068015324514,13997.189851544335,0,6627.743007737297
Tonga,TON,2,2048,6099.639087737843,14270.56274910071,0,6813.001488595242
Tonga,TON,2,2049,6118.458735993444,14230.125285382437,0,6861.277424113552
Tonga,TON,2,2050,6182.839821471933,14351.88416028764,0,6975.485511097528
Tonga,TON,2,2051,6246.137517815172,14484.232779201668,0,7087.90116834491
Tonga,TON,2,2052,6313.657951203142,14616.58139869914,0,7198.564767677712
Tonga,TON,2,2053,6430.749359177025,14918.251469228258,0,7377.108640471408
Tonga,TON,2,2054,6448.96039733725,14886.574529108133,0,7412.956695665201
Vanuatu,VUT,2,2025,26038.070515466647,69068.43648495174,0,7496.189599468311
Vanuatu,VUT,2,2026,19084.53673822745,43913.57346746659,0,6455.446145355828
Vanuatu,VUT,2,2027,19112.344938025482,44315.61166098471,0,7380.5277922175665
Vanuatu,VUT,2,2028,19350.72654601732,44717.95112553398,0,8275.50531920841
Vanuatu,VUT,2,2029,19628.98917130857,45136.17281831672,0,9138.39149920646
Vanuatu,VUT,2,2030,19935.27789257858,45570.27634529188,0,9970.54805479285
Vanuatu,VUT,2,2031,20425.37717219108,46537.236709640165,0,10866.05580976931
Vanuatu,VUT,2,2032,20632.136543915916,46512.60469102468,0,11541.896317831357
Vanuatu,VUT,2,2033,20995.580502983274,47026.11131725016,0,12285.814829215848
Vanuatu,VUT,2,2034,21377.219838540535,47566.09371960845,0,13007.088266274232
Vanuatu,VUT,2,2035,21771.62829516622,48137.83979707357,0,13703.46928045123
Vanuatu,VUT,2,2036,22348.230704617257,49288.575757117556,0,14511.877701869558
Vanuatu,VUT,2,2037,22603.015461147796,49381.92333705651,0,15035.383461018078
Vanuatu,VUT,2,2038,23017.312072418354,50054.247923386494,0,15671.700992679413
Vanuatu,VUT,2,2039,23445.498710338303,50747.75470866377,0,16290.753978292578
Vanuatu,VUT,2,2040,23878.960204641884,51473.02517214894,0,16894.013204475694
Vanuatu,VUT,2,2041,24322.487134068004,52230.05930056107,0,17487.30334275077
Vanuatu,VUT,2,2042,24964.601489110508,53597.57935149956,0,18237.2620874195
Vanuatu,VUT,2,2043,25239.62992977913,53818.24979998438,0,18635.182881831952
Vanuatu,VUT,2,2044,25696.045892878283,54654.686085784946,0,19192.87723569785
Vanuatu,VUT,2,2045,26162.76988701336,55512.3051476113,0,19738.633417885714
Vanuatu,VUT,2,2046,26637.486500143386,56401.687887640954,0,20279.86779297998
Vanuatu,VUT,2,2047,27116.1366832407,57306.95246042307,0,20814.129444097634
Vanuatu,VUT,2,2048,27817.80173022359,58891.497947546566,0,21544.030556974674
Vanuatu,VUT,2,2049,28113.23664673451,59202.192439051476,0,21864.60980406174
Vanuatu,VUT,2,2050,28606.878727564796,60181.56452839272,0,22383.396282581096
Vanuatu,VUT,2,2051,29113.552148129787,61182.120091134224,0,22899.308609223302
Vanuatu,VUT,2,2052,29626.038056191,62214.43933433443,0,23411.93781638184
Vanuatu,VUT,2,2053,30381.41782935285,63965.951724376435,0,24155.320312663018
Vanuatu,VUT,2,2054,30695.51190393956,64332.025652188,0,24435.369306848217
Samoa,WSM,2,2025,16390.922034658328,44817.703713537514,0,7289.205259781486
Samoa,WSM,2,2026,12120.913681245536,28433.972645420534,0,5648.346920914804
Samoa,WSM,2,2027,12177.446458063507,28656.12303429601,0,6183.167854585268
Samoa,WSM,2,2028,12361.674118187624,28889.056380956335,0,6703.897927453702
Samoa,WSM,2,2029,12562.245706923108,29137.871820213142,0,7210.796795989597
Samoa,WSM,2,2030,12773.212601194424,29397.275148011682,0,7706.068384396858
Samoa,WSM,2,2031,13097.677310401294,30013.145404048148,0,8260.141323563412
Samoa,WSM,2,2032,13233.824151517572,29990.200940492254,0,8652.701842747903
Samoa,WSM,2,2033,13472.076135093403,30313.12768864581,0,9105.473515321864
Samoa,WSM,2,2034,13715.738343712512,30651.94017604017,0,9547.945608677399
Samoa,WSM,2,2035,13967.131993466308,31011.92844517579,0,9976.072529325724
Samoa,WSM,2,2036,14331.657152977274,31742.099701071606,0,10491.408651855256
Samoa,WSM,2,2037,14490.53427624181,31800.730410313936,0,10802.84365414087
Samoa,WSM,2,2038,14750.463987685745,32218.94792335528,0,11204.604605869361
Samoa,WSM,2,2039,15018.770462866714,32663.6392962598,0,11597.522660667591
Samoa,WSM,2,2040,15288.86878896515,33118.91856299052,0,11983.484491666328
Samoa,WSM,2,2041,15567.15449122259,33600.66755245894,0,12360.867388874012
Samoa,WSM,2,2042,15971.338652767241,34477.380233918935,0,12854.908499908068
Samoa,WSM,2,2043,16138.933589089156,34606.521600593704,0,13098.330785321685
Samoa,WSM,2,2044,16422.1085830438,35135.91158245561,0,13461.869694248044
Samoa,WSM,2,2045,16711.99553346603,35681.18789804525,0,13820.050100637072
Samoa,WSM,2,2046,17008.039514010914,36237.052108931246,0,14173.323291768878
Samoa,WSM,2,2047,17307.681066783505,36808.798154900294,0,14523.156227730193
Samoa,WSM,2,2048,17747.654897995846,37806.82144706449,0,15017.31968827711
Samoa,WSM,2,2049,17929.702997919656,37989.352811406105,0,15218.67718342639
Samoa,WSM,2,2050,18238.151047780546,38608.73941171177,0,15561.83988415485
Samoa,WSM,2,2051,18551.908769584734,39238.71883860484,0,15903.55560445937
Samoa,WSM,2,2052,18873.60614067717,39879.286162314245,0,16245.399281196871
Samoa,WSM,2,2053,19345.491745355343,40986.38425410947,0,16748.522054408935
Samoa,WSM,2,2054,19535.573597866103,41202.77774044502,0,16930.224001842595
Australia,AUS,3,2025,808518.2224314428,2565676.6361823543,0,2558509.231399708
Australia,AUS,3,2026,432192.54369013745,1003161.6477436377,0,1143824.6326872846
Australia,AUS,3,2027,419604.8534233468,1000839.0891818171,0,1167668.1898003467
Australia,AUS,3,2028,418467.5240663181,998334.7628359512,0,1190696.4474664177
Australia,AUS,3,2029,417750.85832572234,995733.7972946191,0,1212718.133732746
Australia,AUS,3,2030,417326.57803062734,993123.4758257328,0,1233658.6107154796
Australia,AUS,3,2031,420890.0754459005,1005198.3172666988,0,1269406.0004177764
Australia,AUS,3,2032,417265.83081248583,988093.3274537727,0,1272274.365613093
Australia,AUS,3,2033,417215.7769776747,985766.5484688428,0,1289939.0486137315
Australia,AUS,3,2034,417362.168923646,983580.3647412112,0,1306579.2296381216
Australia,AUS,3,2035,417565.5493243982,981543.8772584292,0,1322229.7783359603
Australia,AUS,3,2036,421566.38779257814,994131.2174959531,0,1354122.4034438874
Australia,AUS,3,2037,418251.3535757608,977926.4806932064,0,1350762.7463052385
Australia,AUS,3,2038,418381.35508032737,976360.6583094463,0,1363683.3526662474
Australia,AUS,3,2039,418624.4539802344,974929.191146483,0,1375788.6612420669
Australia,AUS,3,2040,418856.84300203674,973628.7082682096,0,1387115.759365001
Australia,AUS,3,2041,419071.4251022729,972449.853268459,0,1397700.1907381618
Australia,AUS,3,2042,423039.5405168288,985735.1588411377,0,1425862.8644688947
Australia,AUS,3,2043,419629.43494884856,970419.8544757459,0,1416821.0575225751
Australia,AUS,3,2044,419636.565678708,969568.2080400765,0,1425382.1956530146
Australia,AUS,3,2045,419738.2233843686,968794.7788688362,0,1433343.6802336862
Australia,AUS,3,2046,419811.9336780816,968093.0793781187,0,1440735.9352514157
Australia,AUS,3,2047,419860.10741158447,967450.6344830377,0,1447588.8827760424
Australia,AUS,3,2048,423664.11704752163,981146.2834084556,0,1472943.5139183453
Australia,AUS,3,2049,420076.54870801396,966318.8096430202,0,1459815.451487177
Australia,AUS,3,2050,419909.3915045114,965832.0478811105,0,1465197.8976672408
Australia,AUS,3,2051,419837.1320639533,965373.6036665663,0,1470149.4704102569
Australia,AUS,3,2052,419743.5636023923,964936.9905113935,0,1474691.9786492465
Australia,AUS,3,2053,423411.1542907413,978769.561799923,0,1498264.621311935
Australia,AUS,3,2054,419690.9080743694,964117.0313358842,0,1482669.2870606661
Fiji,FJI,3,2025,45655.78574955208,138588.36675603746,0,32655.92519035955
Fiji,FJI,3,2026,24086.131572096703,54313.03755718266,0,18117.664467312712
Fiji,FJI,3,2027,23313.496921299804,54274.14000135921,0,19407.76798313048
Fiji,FJI,3,2028,23209.742737287295,54202.40867570321,0,20626.617516857335
Fiji,FJI,3,2029,23162.015850035106,54108.84886594598,0,21768.89581318833
Fiji,FJI,3,2030,23149.565607976274,53999.69573839598,0,22836.538531215632
Fiji,FJI,3,2031,23373.079587553737,54689.92352003875,0,24090.347096051883
Fiji,FJI,3,2032,23215.573222940962,53790.75939546529,0,24751.794443978844
Fiji,FJI,3,2033,23261.981157204787,53697.18565054508,0,25605.761368338186
Fiji,FJI,3,2034,23325.879010508754,53612.98178697163,0,26397.845278588422
Fiji,FJI,3,2035,23397.627805106655,53544.37126567617,0,27132.11072970461
Fiji,FJI,3,2036,23683.4250212174,54275.34284648465,0,28131.87495474709
Fiji,FJI,3,2037,23566.0564030706,53444.58802810058,0,28442.70110071215
Fiji,FJI,3,2038,23642.734908173486,53416.506306433424,0,29025.84536683854
Fiji,FJI,3,2039,23726.716657856796,53400.91304102449,0,29567.564310005015
Fiji,FJI,3,2040,23809.37294075471,53400.91311835422,0,30068.32484479099
Fiji,FJI,3,2041,23890.0633495637,53413.387848339094,0,30532.926591737974
Fiji,FJI,3,2042,24184.676763747888,54224.70744244638,0,31328.827833798518
Fiji,FJI,3,2043,24060.45039054526,53469.53779526513,0,31363.115698869322
Fiji,FJI,3,2044,24129.062034555485,53516.304001541335,0,31732.94245739429
Fiji,FJI,3,2045,24204.411541536214,53569.32133434325,0,32076.126546238458
Fiji,FJI,3,2046,24276.558833395775,53631.69468619812,0,32394.499294616184
Fiji,FJI,3,2047,24347.260020135403,53700.30536234177,0,32690.99144527434
Fiji,FJI,3,2048,24632.67322796931,54566.49992399944,0,33362.22467956133
Fiji,FJI,3,2049,24494.538813033825,53850.01531355171,0,33225.9096106419
Fiji,FJI,3,2050,24551.39163299214,53937.32405387718,0,33464.46894906654
Fiji,FJI,3,2051,24614.173169094913,54030.884015111405,0,33688.08598053527
Fiji,FJI,3,2052,24675.633948824343,54127.56266482044,0,33896.11226286881
Fiji,FJI,3,2053,24956.103497028533,55025.38774711605,0,34502.30512817285
Fiji,FJI,3,2054,24804.180728780226,54324.05269306434,0,34273.65803737293
New Caledonia,NCL,3,2025,10796.135215824943,34390.82915659252,0,19279.948046121168
New Caledonia,NCL,3,2026,5618.875083725586,13435.576560226456,0,9290.088796477781
New Caledonia,NCL,3,2027,5426.453470188175,13382.194338820935,0,9708.221209752151
New Caledonia,NCL,3,2028,5385.825616913795,13322.939253667973,0,10114.360808670157
New Caledonia,NCL,3,2029,5358.824371039038,13254.328654436333,0,10503.98935043258
New Caledonia,NCL,3,2030,5341.821703303482,13188.83672317835,0,10877.759519913541
New Caledonia,NCL,3,2031,5381.332957328268,13317.238175165292,0,11370.703235921106
New Caledonia,NCL,3,2032,5331.226425912762,13057.856241287653,0,11574.312123493517
New Caledonia,NCL,3,2033,5330.704505906409,12995.479586241785,0,11895.067201067926
New Caledonia,NCL,3,2034,5335.6597796284805,12936.224972876591,0,12201.171463095543
New Caledonia,NCL,3,2035,5343.399675321153,12880.08902856249,0,12492.698841320578
New Caledonia,NCL,3,2036,5400.930198797055,13016.58778600558,0,12929.021878443624
New Caledonia,NCL,3,2037,5367.0882402839925,12777.176442864235,0,13031.478461414705
New Caledonia,NCL,3,2038,5377.791767255694,12733.511847508129,0,13279.01155121313
New Caledonia,NCL,3,2039,5388.1729471859,12696.087882114256,0,13514.196231695227
New Caledonia,NCL,3,2040,5401.425637292815,12661.78258295765,0,13736.88999755944
New Caledonia,NCL,3,2041,5414.032067472984,12633.714616734915,0,13947.07087686728
New Caledonia,NCL,3,2042,5476.322117872234,12795.055936055074,0,14326.6149998673
New Caledonia,NCL,3,2043,5442.357584793593,12583.819267486939,0,14336.31478853821
New Caledonia,NCL,3,2044,5452.938205636439,12565.104034633532,0,14513.749220782178
New Caledonia,NCL,3,2045,5464.897206975342,12549.510716256504,0,14680.900999030056
New Caledonia,NCL,3,2046,5474.135102026669,12537.036067434836,0,14841.326853269846
New Caledonia,NCL,3,2047,5486.520967148537,12527.680081100687,0,14991.072690339739
New Caledonia,NCL,3,2048,5546.011931885801,12706.443221344129,0,15328.262740217653
New Caledonia,NCL,3,2049,5509.884146363692,12518.327349615598,0,15266.736053437533
New Caledonia,NCL,3,2050,5515.9696087214825,12515.205453810766,0,15391.138171852692
New Caledonia,NCL,3,2051,5524.040056099986,12512.086788141218,0,15508.67327031631
New Caledonia,NCL,3,2052,5533.357951572452,12508.96812956645,0,15621.191729902335
New Caledonia,NCL,3,2053,5589.386375113905,12693.78428602745,0,15930.342608866556
New Caledonia,NCL,3,2054,5550.584302078787,12508.971382246176,0,15827.298248091525
New Zealand,NZL,3,2025,170100.04994118694,517451.66235612414,0,495025.04879567475
New Zealand,NZL,3,2026,89993.02214805614,202859.1173073179,0,221556.5005728648
New Zealand,NZL,3,2027,87119.64622710072,202831.7830742536,0,226212.29760089927
New Zealand,NZL,3,2028,86675.15588590631,202678.9605228895,0,230716.58205708422
New Zealand,NZL,3,2029,86365.91854877301,202441.942183584,0,235033.94812910125
New Zealand,NZL,3,2030,86156.39397284025,202145.66923103397,0,239147.6467196495
New Zealand,NZL,3,2031,86801.28662805233,204800.01156379926,0,246132.15420867465
New Zealand,NZL,3,2032,85986.52485055498,201478.3275828522,0,246757.41658345694
New Zealand,NZL,3,2033,85930.21741746564,201138.3411376802,0,250250.6865818188
New Zealand,NZL,3,2034,85930.19217522307,200807.76274765842,0,253548.85177161978
New Zealand,NZL,3,2035,85953.03243459198,200492.7777517183,0,256660.08212491014
New Zealand,NZL,3,2036,86770.69336685055,203154.34645137432,0,262922.6937192109
New Zealand,NZL,3,2037,86090.43217651376,199925.23284828692,0,262355.36160561925
New Zealand,NZL,3,2038,86123.44757438124,199678.8067050723,0,264947.28017933393
New Zealand,NZL,3,2039,86185.63087826678,199457.38152212914,0,267384.4250255403
New Zealand,NZL,3,2040,86252.6345510153,199257.78706849623,0,269674.74700935977
New Zealand,NZL,3,2041,86319.14189011218,199080.02326164008,0,271823.67885431624
New Zealand,NZL,3,2042,87160.95533557353,201863.13225991462,0,277388.5127695579
New Zealand,NZL,3,2043,86485.62140112811,198790.0391019897,0,275731.31288009597
New Zealand,NZL,3,2044,86515.80911147487,198674.5971280671,0,277494.87369794096
New Zealand,NZL,3,2045,86566.5883704972,198577.91848341597,0,279145.1352809966
New Zealand,NZL,3,2046,86615.38893506186,198496.83324229944,0,280685.5979309701
New Zealand,NZL,3,2047,86659.31506116525,198425.10398961048,0,282124.93770896905
New Zealand,NZL,3,2048,87477.93875167084,201299.80845018005,0,287165.84954817634
New Zealand,NZL,3,2049,86773.4982522254,198322.2395068247,0,284721.19200580474
New Zealand,NZL,3,2050,86774.8705407321,198287.88290753952,0,285878.87818913796
New Zealand,NZL,3,2051,86796.885334616,198262.93351496014,0,286955.91100569477
New Zealand,NZL,3,2052,86814.68189544437,198244.22153603003,0,287954.0927750234
New Zealand,NZL,3,2053,87610.60796274705,201157.39513030899,0,292664.85451661
New Zealand,NZL,3,2054,86880.40016525653,198216.20492938324,0,289741.12100686657
Solomon Islands,SLB,3,2025,55463.95275254541,143745.40190451915,0,14684.439066862968
Solomon Islands,SLB,3,2026,30214.59584484581,56954.61911394012,0,9669.503456491593
Solomon Islands,SLB,3,2027,29450.56341214703,57579.930991711946,0,10870.299848935363
Solomon Islands,SLB,3,2028,29686.352827118644,58166.23716566504,0,12050.30027097834
Solomon Islands,SLB,3,2029,30005.558929650444,58736.95327389474,0,13199.54706576614
Solomon Islands,SLB,3,2030,30386.665606545783,59301.432076846475,0,14314.841342962343
Solomon Islands,SLB,3,2031,31086.60180221373,60756.74064854745,0,15556.013517696781
Solomon Islands,SLB,3,2032,31302.239438443296,60461.59195817174,0,16439.144247553333
Solomon Islands,SLB,3,2033,31792.254654731016,61079.07247644289,0,17448.407825406062
Solomon Islands,SLB,3,2034,32318.947266011062,61721.51786351436,0,18424.407040162398
Solomon Islands,SLB,3,2035,32869.90201012153,62398.268601245676,0,19369.01371045605
Solomon Islands,SLB,3,2036,33728.096329073865,64038.58059632288,0,20511.47153390172
Solomon Islands,SLB,3,2037,34041.29182854616,63848.465172920536,0,21175.18182889579
Solomon Islands,SLB,3,2038,34624.874857714865,64628.11540167682,0,22036.4880479193
Solomon Islands,SLB,3,2039,35233.85284803917,65445.20601614184,0,22875.64824791405
Solomon Islands,SLB,3,2040,35853.32804940129,66299.72065108317,0,23693.312208222233
Solomon Islands,SLB,3,2041,36482.873906195724,67188.5405987751,0,24493.095676923964
Solomon Islands,SLB,3,2042,37442.884158490735,69117.9945646953,0,25567.926828731717
Solomon Islands,SLB,3,2043,37790.987729654895,69069.11427021452,0,26042.680356475437
Solomon Islands,SLB,3,2044,38435.21832462924,70057.7137184328,0,26793.773806590274
Solomon Islands,SLB,3,2045,39099.0374441645,71080.63622310493,0,27531.919812133678
Solomon Islands,SLB,3,2046,39771.137066089264,72131.62675369272,0,28257.0982497148
Solomon Islands,SLB,3,2047,40451.50101594467,73210.68527262726,0,28973.05482110907
Solomon Islands,SLB,3,2048,41498.28782361901,75415.8343463616,0,30031.15221299275
Solomon Islands,SLB,3,2049,41864.46934678314,75459.26308097164,0,30383.504396134427
Solomon Islands,SLB,3,2050,42557.70870281029,76628.7434727266,0,31076.929395700852
Solomon Islands,SLB,3,2051,43273.96439483994,77826.31122777777,0,31765.095514848766
Solomon Islands,SLB,3,2052,44001.64883185573,79051.94701993553,0,32450.60372651126
Solomon Islands,SLB,3,2053,45125.5838006055,81488.97708192788,0,33526.2222153726
Solomon Islands,SLB,3,2054,45510.61508888266,81578.08762839322,0,33813.18963551829
Tonga,TON,3,2025,6362.1974456358175,19086.592336907408,0,3700.245558515082
Tonga,TON,3,2026,3395.59812225296,7481.882118844719,0,1992.4734380925731
Tonga,TON,3,2027,3283.698754543433,7481.679239682327,0,2134.225036639304
Tonga,TON,3,2028,3280.9614993038876,7478.560252811414,0,2272.672283194446
Tonga,TON,3,2029,3287.057217873632,7475.4416198811805,0,2408.739709484835
Tonga,TON,3,2030,3299.3699558667226,7469.204322505587,0,2541.0036356893656
Tonga,TON,3,2031,3346.2758479974414,7576.394806304693,0,2698.5261758389133
Tonga,TON,3,2032,3338.842102352524,7462.968991399118,0,2790.2117783936155
Tonga,TON,3,2033,3363.725659686736,7466.085758306718,0,2907.8996890339718
Tonga,TON,3,2034,3389.6983759805303,7469.204450881192,0,3021.3198795259436
Tonga,TON,3,2035,3419.436363847126,7478.560475065581,0,3130.6437228539703
Tonga,TON,3,2036,3480.183800095288,7601.712896919376,0,3273.341218606504
Tonga,TON,3,2037,3483.4891300077447,7506.63046051812,0,3336.811451671584
Tonga,TON,3,2038,3514.843486383287,7525.34053926203,0,3433.2735076612
Tonga,TON,3,2039,3546.804548034421,7547.171217217664,0,3525.3078589567117
Tonga,TON,3,2040,3580.3322766913666,7572.1205619745915,0,3615.7939364781955
Tonga,TON,3,2041,3613.6552567160757,7600.188573135304,0,3703.010680535875
Tonga,TON,3,2042,3678.946228796138,7740.961715575997,0,3830.957587455168
Tonga,TON,3,2043,3683.4166765603863,7659.445238462074,0,3865.4745278008254
Tonga,TON,3,2044,3716.380957250264,7693.7486006245845,0,3944.164164279018
Tonga,TON,3,2045,3749.1781299048566,7734.291265670143,0,4020.6653563398786
Tonga,TON,3,2046,3782.3354436445325,7777.952597344296,0,4093.916692160675
Tonga,TON,3,2047,3815.493842306226,7821.61392907902,0,4165.194436217616
Tonga,TON,3,2048,3885.3484795290196,7981.482269867268,0,4284.598988686438
Tonga,TON,3,2049,3887.395077423335,7912.057306888634,0,4299.21392811188
Tonga,TON,3,2050,3920.3585235424216,7961.953925333652,0,4365.369562270953
Tonga,TON,3,2051,3954.4007368779676,8018.089913515581,0,4427.796314748684
Tonga,TON,3,2052,3987.3764244017098,8071.107237237735,0,4488.5355519909435
Tonga,TON,3,2053,4057.356829732297,8247.320731897307,0,4605.137618325893
Tonga,TON,3,2054,4056.9265585474095,8186.500002102897,0,4608.146467742908
Vanuatu,VUT,3,2025,24656.82598727046,65404.55517280795,0,7098.538365655265
Vanuatu,VUT,3,2026,13322.530762373872,25870.034254196496,0,4540.644748129803
Vanuatu,VUT,3,2027,12944.505653882488,26100.11556604276,0,5073.502607600897
Vanuatu,VUT,3,2028,13009.586148272345,26309.06486140039,0,5599.509152844552
Vanuatu,VUT,3,2029,13116.504060814315,26505.54092794221,0,6111.157332593237
Vanuatu,VUT,3,2030,13251.984736924062,26698.898342281096,0,6607.905486024527
Vanuatu,VUT,3,2031,13527.16360545636,27289.5805095784,0,7165.22358048446
Vanuatu,VUT,3,2032,13594.583723675723,27094.976166421784,0,7558.0738414610105
Vanuatu,VUT,3,2033,13782.233678408063,27310.157243325473,0,8007.330680190497
Vanuatu,VUT,3,2034,13987.168296664648,27531.582619602777,0,8443.109309801968
Vanuatu,VUT,3,2035,14201.44582107169,27771.72000480805,0,8864.553412914838
Vanuatu,VUT,3,2036,14549.978373139149,28438.382863868734,0,9376.952579844177
Vanuatu,VUT,3,2037,14661.717957050087,28292.544720912054,0,9668.626521786924
Vanuatu,VUT,3,2038,14890.566679266727,28576.336115689064,0,10053.382552295147
Vanuatu,VUT,3,2039,15130.078825593926,28875.728110210588,0,10426.57118936126
Vanuatu,VUT,3,2040,15372.725120061396,29190.713446881116,0,10790.67104612033
Vanuatu,VUT,3,2041,15620.415498749342,29518.173440498747,0,11145.333770240746
Vanuatu,VUT,3,2042,16009.223279168731,30302.41711841602,0,11624.575088389944
Vanuatu,VUT,3,2043,16135.03819304301,30219.88120967355,0,11828.94096613624
Vanuatu,VUT,3,2044,16385.943781910577,30590.994729508875,0,12159.71110419696
Vanuatu,VUT,3,2045,16646.16923447129,30977.709340033096,0,12483.386755060224
Vanuatu,VUT,3,2046,16910.16058851441,31376.898629517043,0,12800.963277026498
Vanuatu,VUT,3,2047,17175.57668708649,31791.681245532745,0,13113.986404938396
Vanuatu,VUT,3,2048,17596.8338489512,32691.798586397304,0,13582.232322773481
Vanuatu,VUT,3,2049,17729.132209195774,32652.441555826124,0,13728.986108617932
Vanuatu,VUT,3,2050,17996.948227097095,33101.52108065325,0,14029.659090171139
Vanuatu,VUT,3,2051,18274.802767890218,33559.96498572671,0,14327.468689250287
Vanuatu,VUT,3,2052,18556.893853981277,34030.883575061336,0,14622.751560681792
Vanuatu,VUT,3,2053,19005.16074440408,35024.21454386749,0,15094.56034112807
Vanuatu,VUT,3,2054,19141.345430664405,35003.91644123,0,15208.106577929617
Samoa,WSM,3,2025,15521.430904007422,42440.25381824418,0,6902.533948096111
Samoa,WSM,3,2026,8481.399131221302,16747.689444850308,0,3814.3634239981793
Samoa,WSM,3,2027,8257.534353544208,16871.98293703454,0,4121.674326372568
Samoa,WSM,3,2028,8316.887284584012,16990.491378134207,0,4427.778561416414
Samoa,WSM,3,2029,8396.883670309935,17102.76342188276,0,4729.785161392648
Samoa,WSM,3,2030,8491.729208322597,17215.03547334033,0,5024.554998683029
Samoa,WSM,3,2031,8673.079998251367,17592.80736086548,0,5372.74659544679
Samoa,WSM,3,2032,8718.129503628581,17461.41474587731,0,5596.018852649181
Samoa,WSM,3,2033,8837.133910118857,17595.512946224266,0,5869.891461525553
Samoa,WSM,3,2034,8966.88133913966,17735.852969024567,0,6135.57065238578
Samoa,WSM,3,2035,9102.946670610549,17882.430332780314,0,6395.251139518576
Samoa,WSM,3,2036,9322.506567404827,18311.20441093055,0,6725.878833071578
Samoa,WSM,3,2037,9391.14974726121,18216.132411437113,0,6896.89180475202
Samoa,WSM,3,2038,9535.442610035649,18393.891726514677,0,7137.672442410163
Samoa,WSM,3,2039,9686.34273898334,18584.130388696463,0,7374.904018076576
Samoa,WSM,3,2040,9839.59702976772,18780.60638965034,0,7606.8044529649
Samoa,WSM,3,2041,9995.17699934829,18986.438386595724,0,7833.47890509766
Samoa,WSM,3,2042,10240.117788806407,19485.324449559885,0,8153.986722368676
Samoa,WSM,3,2043,10317.825258050118,19429.294047403775,0,8276.93676118106
Samoa,WSM,3,2044,10473.275796090096,19666.307687771598,0,8491.783781017957
Samoa,WSM,3,2045,10636.754094176546,19912.6823137225,0,8703.8288633424
Samoa,WSM,3,2046,10801.13734269456,20165.294284770618,0,8912.765067562803
Samoa,WSM,3,2047,10967.03214587224,20427.26225049622,0,9120.014110585224
Samoa,WSM,3,2048,11234.28935234498,21001.236652773234,0,9436.363334462794
Samoa,WSM,3,2049,11315.611052197833,20966.79692212381,0,9528.379759071286
Samoa,WSM,3,2050,11482.84947922497,21247.471481030898,0,9728.170281537828
Samoa,WSM,3,2051,11656.735980686864,21534.388753568564,0,9927.258239232116
Samoa,WSM,3,2052,11832.255447792379,21830.662037458493,0,10124.726529881658
Samoa,WSM,3,2053,12116.815895403877,22460.183402863084,0,10446.523044225432
Samoa,WSM,3,2054,12200.400185805685,22441.92639243793,0,10518.090247142485
Australia,AUS,4,2025,793393.9113432183,2517682.552040717,0,2510649.2222320526
Australia,AUS,4,2026,353898.69487019494,709121.9265045612,0,859369.6481536295
Australia,AUS,4,2027,337090.13491175877,707430.3419621546,0,875107.342949094
Australia,AUS,4,2028,335507.7484822717,705437.4227186807,0,890457.9374781983
Australia,AUS,4,2029,334383.09627808054,703230.7282936586,0,905264.603782063
Australia,AUS,4,2030,333569.6555027038,700909.4005108334,0,919450.0864955027
Australia,AUS,4,2031,335868.13407822605,709840.9385468467,0,945285.960412581
Australia,AUS,4,2032,332736.0114266673,696196.4266583046,0,945841.8260103748
Australia,AUS,4,2033,332366.0021194893,693905.736292078,0,957977.181776575
Australia,AUS,4,2034,332193.68044662575,691692.4278444443,0,969434.472520924
Australia,AUS,4,2035,332093.09447073657,689571.7083362652,0,980225.6254515697
Australia,AUS,4,2036,334890.5564024519,698676.108782152,0,1003682.1050119457
Australia,AUS,4,2037,332166.5299492141,685654.5514179926,0,999929.9330776825
Australia,AUS,4,2038,332051.1774756108,683873.1015384333,0,1008835.38918856
Australia,AUS,4,2039,332047.0824434018,682199.8929554204,0,1017167.4798641329
Australia,AUS,4,2040,332042.6124873325,680632.5002881165,0,1024948.4990145009
Australia,AUS,4,2041,332032.1257688487,679164.3096447693,0,1032204.3417733057
Australia,AUS,4,2042,334857.0250514493,688752.3122329611,0,1053113.8435395972
Australia,AUS,4,2043,332124.8268609098,676510.3221790041,0,1045272.476715269
Australia,AUS,4,2044,331958.9718436471,675317.4739974773,0,1051080.544256112
Australia,AUS,4,2045,331880.42086807685,674197.5922585097,0,1056458.6747061193
Australia,AUS,4,2046,331783.9222775399,673146.0501189359,0,1061428.0142873796
Australia,AUS,4,2047,331666.96437808574,672154.0291883887,0,1066008.2702355098
Australia,AUS,4,2048,334374.7928976158,682067.7490792722,0,1084931.608775801
Australia,AUS,4,2049,331527.689024117,670322.3142113669,0,1074117.41627647
Australia,AUS,4,2050,331236.70627644897,669479.9818497472,0,1077631.6951697832
Australia,AUS,4,2051,331033.77101219405,668675.3420538992,0,1080835.4189217954
Australia,AUS,4,2052,330814.3628768542,667899.3610414815,0,1083742.7834158915
Australia,AUS,4,2053,333413.83359347103,677934.6987503095,0,1101383.642265894
Australia,AUS,4,2054,330473.99482622097,666420.3630046429,0,1088767.7236802352
Fiji,FJI,4,2025,44801.73906575931,135995.90376154328,0,32045.056619002502
Fiji,FJI,4,2026,19684.13966991989,38393.18011558021,0,14540.347979886234
Fiji,FJI,4,2027,18708.41752750335,38364.77677839228,0,15405.43350525738
Fiji,FJI,4,2028,18602.145523240775,38300.84336970242,0,16232.163023422916
Fiji,FJI,4,2029,18541.719899676442,38214.86838652563,0,17011.507208491013
Fiji,FJI,4,2030,18511.31488291828,38111.25748235942,0,17745.893989418735
Fiji,FJI,4,2031,18664.04349527332,38617.709634126055,0,18636.862035232247
Fiji,FJI,4,2032,18527.817365546067,37893.025471442175,0,19076.391182928077
Fiji,FJI,4,2033,18548.339105092356,37787.19780089974,0,19673.59769625021
Fiji,FJI,4,2034,18583.84636367518,37687.99582116075,0,20228.578600783025
Fiji,FJI,4,2035,18626.56155170149,37599.816312204275,0,20745.229706976515
Fiji,FJI,4,2036,18831.839988863692,38124.880559143225,0,21472.80217137281
Fiji,FJI,4,2037,18730.713604322547,37449.92328693752,0,21669.6281367628
Fiji,FJI,4,2038,18776.173216874493,37390.39002775849,0,22080.942362785623
Fiji,FJI,4,2039,18829.451648390936,37341.89130136797,0,22460.64638711042
Fiji,FJI,4,2040,18881.79222213724,37300.00606359856,0,22811.962202523217
Fiji,FJI,4,2041,18933.733741413336,37266.93878297712,0,23138.28338552422
Fiji,FJI,4,2042,19144.029235023005,37849.344485880625,0,23722.37771440981
Fiji,FJI,4,2043,19042.622032092993,37231.679129679156,0,23719.723176053016
Fiji,FJI,4,2044,19083.31833304821,37227.25819029704,0,23976.612224227487
Fiji,FJI,4,2045,19130.14876908423,37229.462717422844,0,24215.60820624414
Fiji,FJI,4,2046,19174.344058374892,37236.07624941386,0,24436.93084801693
Fiji,FJI,4,2047,19218.3922706193,37249.3032503067,0,24640.08035540456
Fiji,FJI,4,2048,19422.62733440896,37869.50606827005,0,25135.83144730145
Fiji,FJI,4,2049,19310.010685320056,37288.99625712411,0,25006.787707000873
Fiji,FJI,4,2050,19343.383237546506,37317.64264425424,0,25169.682781033676
Fiji,FJI,4,2051,19380.478373904505,37348.50553571081,0,25320.504421388167
Fiji,FJI,4,2052,19415.567141946554,37383.77743137259,0,25460.36796179815
Fiji,FJI,4,2053,19615.76825406966,38024.075615574206,0,25909.285449669
Fiji,FJI,4,2054,19493.582849913455,37456.53783037505,0,25714.10908378873
New Caledonia,NCL,4,2025,10594.180450892562,33747.50710853499,0,18919.29330275927
New Caledonia,NCL,4,2026,4578.097122580521,9499.638996154808,0,7137.7358509144015
New Caledonia,NCL,4,2027,4345.824294930094,9461.679775309447,0,7420.527887566726
New Caledonia,NCL,4,2028,4307.484931627261,9417.589251040376,0,7697.243912841866
New Caledonia,NCL,4,2029,4281.5270722422865,9366.885991375844,0,7963.175437721701
New Caledonia,NCL,4,2030,4264.95008233735,9311.77375280118,0,8220.028997482297
New Caledonia,NCL,4,2031,4290.13556786156,9406.331922871992,0,8573.038774867666
New Caledonia,NCL,4,2032,4248.721070359517,9199.347763564996,0,8703.044403241152
New Caledonia,NCL,4,2033,4246.096063277425,9146.437035316048,0,8927.772065681464
New Caledonia,NCL,4,2034,4246.889889811389,9095.733768917145,0,9141.284887132033
New Caledonia,NCL,4,2035,4249.795679815902,9045.030502820382,0,9344.794185145105
New Caledonia,NCL,4,2036,4292.311823549086,9144.236243438598,0,9661.889258623121
New Caledonia,NCL,4,2037,4263.9136169145495,8954.649329575985,0,9721.191756440248
New Caledonia,NCL,4,2038,4268.906507666056,8914.965618505168,0,9894.861246203973
New Caledonia,NCL,4,2039,4276.092549893666,8877.489286845203,0,10058.455528617356
New Caledonia,NCL,4,2040,4282.6288730165015,8846.626435702035,0,10213.183895814138
New Caledonia,NCL,4,2041,4291.330016490932,8815.763577824864,0,10359.95164796988
New Caledonia,NCL,4,2042,4334.530567889929,8929.183384024831,0,10637.524024325134
New Caledonia,NCL,4,2043,4307.120337821082,8765.063160082593,0,10630.17683356657
New Caledonia,NCL,4,2044,4313.769133831577,8745.219921946382,0,10753.181165735528
New Caledonia,NCL,4,2045,4320.07717651907,8725.379511499585,0,10870.278835976416
New Caledonia,NCL,4,2046,4326.510550241422,8707.74359484216,0,10979.796094719319
New Caledonia,NCL,4,2047,4332.960305712753,8692.31216933674,0,11083.933828566465
New Caledonia,NCL,4,2048,4376.226773694586,8821.656968955727,0,11332.796141783963
New Caledonia,NCL,4,2049,4346.7581347337255,8668.065595700544,0,11274.974157448803
New Caledonia,NCL,4,2050,4351.725060405262,8659.244840587655,0,11360.375361161548
New Caledonia,NCL,4,2051,4355.528361204956,8650.426879604653,0,11440.834133687147
New Caledonia,NCL,4,2052,4360.716036157302,8643.8134121862,0,11516.634841129104
New Caledonia,NCL,4,2053,4401.773414460768,8779.094438267131,0,11744.984594176014
New Caledonia,NCL,4,2054,4369.698414575541,8634.998256172717,0,11655.035075006757
New Zealand,NZL,4,2025,166918.12280576985,507772.1032596584,0,485765.00662626646
New Zealand,NZL,4,2026,73542.94188580748,143396.26801250727,0,166539.07894912641
New Zealand,NZL,4,2027,69876.33746422421,143366.9423489388,0,169611.3179168171
New Zealand,NZL,4,2028,69403.35734412818,143212.61566763732,0,172614.13000507306
New Zealand,NZL,4,2029,69059.01647091306,142965.71288217124,0,175518.91427375434
New Zealand,NZL,4,2030,68807.65050854032,142659.28888705964,0,178308.02331907203
New Zealand,NZL,4,2031,69220.66866247286,144614.2373300587,0,183357.3463805107
New Zealand,NZL,4,2032,68528.2854666097,141947.28477703905,0,183516.44263438357
New Zealand,NZL,4,2033,68420.8550448172,141574.68010319682,0,185920.5763486438
New Zealand,NZL,4,2034,68367.1832401802,141202.1212469401,0,188198.19805420502
New Zealand,NZL,4,2035,68337.37613106903,140838.38042680934,0,190348.38133473386
New Zealand,NZL,4,2036,68910.24292252366,142759.4063292967,0,194957.3357382759
New Zealand,NZL,4,2037,68354.2395204573,140152.82947354348,0,194294.32833535536
New Zealand,NZL,4,2038,68339.38066528311,139837.54208835645,0,196087.1186465841
New Zealand,NZL,4,2039,68349.99306934894,139544.34483184264,0,197770.71042682952
New Zealand,NZL,4,2040,68363.53164382972,139270.9880631293,0,199349.48242119784
New Zealand,NZL,4,2041,68379.87859061679,139015.26720848423,0,200828.25381358527
New Zealand,NZL,4,2042,68981.49795196581,141018.82194404327,0,204960.59585910058
New Zealand,NZL,4,2043,68441.50819695766,138552.36914860067,0,203511.25234495066
New Zealand,NZL,4,2044,68428.94127403668,138349.51125253757,0,204713.93253728125
New Zealand,NZL,4,2045,68438.10730929524,138159.92498914074,0,205836.24738590213
New Zealand,NZL,4,2046,68443.42243207937,137987.97473961316,0,206878.7610246172
New Zealand,NZL,4,2047,68444.54575891435,137824.84243761227,0,207847.35903383497
New Zealand,NZL,4,2048,69028.13583953909,139903.2348654246,0,211609.28937318525
New Zealand,NZL,4,2049,68468.39639144026,137538.30319638216,0,209584.51502004254
New Zealand,NZL,4,2050,68436.974949950265,137410.39827193978,0,210348.61216947704
New Zealand,NZL,4,2051,68422.55428465136,137289.1511778505,0,211053.63020233618
New Zealand,NZL,4,2052,68406.19013506957,137174.517637824,0,211702.14396718208
New Zealand,NZL,4,2053,68972.27397130613,139282.7173946439,0,215224.20154937147
New Zealand,NZL,4,2054,68394.49054775723,136962.93083302642,0,212848.7965361461
Solomon Islands,SLB,4,2025,54426.432443986596,141056.4703311921,0,14409.748876287584
Solomon Islands,SLB,4,2026,24837.266094720468,40262.68437845747,0,8021.05833412132
Solomon Islands,SLB,4,2027,23681.33846113784,40701.545414618835,0,8844.039847242564
Solomon Islands,SLB,4,2028,23825.633424579788,41098.34931945098,0,9660.361635898294
Solomon Islands,SLB,4,2029,24043.410069761623,41466.49984083476,0,10463.649296378891
Solomon Islands,SLB,4,2030,24314.534050812763,41821.4234613783,0,11249.692644359562
Solomon Islands,SLB,4,2031,24829.841188520302,42856.053613536045,0,12142.60553888464
Solomon Islands,SLB,4,2032,24980.66704600335,42535.69343383692,0,12766.510796742796
Solomon Islands,SLB,4,2033,25341.942032151022,42908.23927801873,0,13490.869056740448
Solomon Islands,SLB,4,2034,25731.576978094618,43298.43471903895,0,14193.889796991725
Solomon Islands,SLB,4,2035,26141.434766744693,43708.470609215845,0,14877.504176005263
Solomon Islands,SLB,4,2036,26783.726394678375,44854.25713083044,0,15716.893043990873
Solomon Islands,SLB,4,2037,27013.532070793288,44592.487023373906,0,16186.27537046469
Solomon Islands,SLB,4,2038,27449.484119707355,45068.64328326019,0,16812.675761235834
Solomon Islands,SLB,4,2039,27904.239895360508,45569.06326156212,0,17422.11388908152
Solomon Islands,SLB,4,2040,28366.609476998576,46095.93717195297,0,18016.796433963897
Solomon Islands,SLB,4,2041,28835.05481981394,46647.06048087133,0,18596.94115149565
Solomon Islands,SLB,4,2042,29551.384437050896,47983.729487412995,0,19390.977978478943
Solomon Islands,SLB,4,2043,29809.84050845694,47817.66174800388,0,19721.094319063715
Solomon Islands,SLB,4,2044,30288.603398711035,48434.904405572015,0,20265.221402820225
Solomon Islands,SLB,4,2045,30783.707791078534,49076.411811300895,0,20799.541016264586
Solomon Islands,SLB,4,2046,31283.694752826217,49737.759677259266,0,21323.504148571643
Solomon Islands,SLB,4,2047,31789.486017663934,50418.9479635262,0,21840.62749426865
Solomon Islands,SLB,4,2048,32566.59809435482,51946.53221566783,0,22623.122856171412
Solomon Islands,SLB,4,2049,32838.58241145659,51840.86252931912,0,22857.742404454686
Solomon Islands,SLB,4,2050,33349.09448491547,52581.55541718614,0,23357.07736955903
Solomon Islands,SLB,4,2051,33880.14373728575,53339.90085544994,0,23852.152232850032
Solomon Islands,SLB,4,2052,34416.39025740606,54115.882280796446,0,24342.733045733767
Solomon Islands,SLB,4,2053,35246.31914951874,55797.32771866869,0,25136.108233625353
Solomon Islands,SLB,4,2054,35528.0366486855,55720.770898807445,0,25321.037146134793
Tonga,TON,4,2025,6243.184848636869,18729.554545910625,0,3631.027990651825
Tonga,TON,4,2026,2777.434255656697,5291.049800596748,0,1583.4181682849066
Tonga,TON,4,2027,2631.4669159174305,5290.781286279883,0,1678.2695761554453
Tonga,TON,4,2028,2626.2171258689937,5286.3718043775025,0,1773.5101834514344
Tonga,TON,4,2029,2626.796745239471,5277.5538792729485,0,1868.8511435289342
Tonga,TON,4,2030,2634.906517069381,5270.940447964974,0,1960.3914146679676
Tonga,TON,4,2031,2668.071489100723,5347.205463585742,0,2073.6026190932807
Tonga,TON,4,2032,2662.277608937651,5255.5107943360545,0,2137.0829544598246
Tonga,TON,4,2033,2676.426462217045,5251.100155802792,0,2221.8265211417634
Tonga,TON,4,2034,2696.6125344968414,5248.895696170642,0,2302.9696672158448
Tonga,TON,4,2035,2716.4959181521394,5248.895736277307,0,2380.722287025972
Tonga,TON,4,2036,2762.3888313823563,5336.004977501077,0,2485.1897692047687
Tonga,TON,4,2037,2762.8304915034314,5255.510983454358,0,2528.800504360003
Tonga,TON,4,2038,2785.815248736197,5259.918300460594,0,2598.5857248143484
Tonga,TON,4,2039,2810.2818157583565,5268.736297477982,0,2666.375550799966
Tonga,TON,4,2040,2834.3194594142724,5279.758786584383,0,2730.7915250150027
Tonga,TON,4,2041,2857.1962336316246,5290.781272408453,0,2793.1431891284647
Tonga,TON,4,2042,2906.617405042448,5392.008562089208,0,2888.4083668944477
Tonga,TON,4,2043,2908.1656890238446,5321.645931185423,0,2911.469085839283
Tonga,TON,4,2044,2930.728352108895,5339.2801730259525,0,2967.6163235609083
Tonga,TON,4,2045,2955.271808864896,5361.325109235387,0,3021.9776631216455
Tonga,TON,4,2046,2978.5479525154938,5383.3700472626515,0,3073.0865937026033
Tonga,TON,4,2047,3001.968236308216,5407.619475481912,0,3122.9643332671635
Tonga,TON,4,2048,3053.2675841535097,5521.936584532833,0,3212.308867469894
Tonga,TON,4,2049,3054.256913714257,5460.52908222109,0,3220.7744975534124
Tonga,TON,4,2050,3078.8055630762574,5491.390224943511,0,3267.1297779902357
Tonga,TON,4,2051,3104.3326340622593,5520.04863022042,0,3312.020972131167
Tonga,TON,4,2052,3128.3273634838965,5553.116025627882,0,3355.1179039466733
Tonga,TON,4,2053,3179.1433606655137,5678.746196933854,0,3439.7153746652193
Tonga,TON,4,2054,3179.428795672337,5623.661606108267,0,3438.331960634173
Vanuatu,VUT,4,2025,24195.590239783745,64181.083874850396,0,6965.751621293421
Vanuatu,VUT,4,2026,10936.149794129273,18284.986269228953,0,3745.3844286537155
Vanuatu,VUT,4,2027,10395.89008499676,18447.19279227941,0,4109.706012184507
Vanuatu,VUT,4,2028,10432.648063076502,18588.27823572578,0,4472.709090670551
Vanuatu,VUT,4,2029,10502.935573844055,18711.729950243745,0,4830.522210955383
Vanuatu,VUT,4,2030,10596.133035566092,18828.568209816927,0,5180.915466801243
Vanuatu,VUT,4,2031,10798.342124052326,19251.733547263815,0,5582.0566058816485
Vanuatu,VUT,4,2032,10845.142859165417,19062.250886390488,0,5859.308987737487
Vanuatu,VUT,4,2033,10982.889677612424,19185.69647723954,0,6183.3309137095775
Vanuatu,VUT,4,2034,11134.299788026945,19317.966156085826,0,6497.08850113483
Vanuatu,VUT,4,2035,11292.687225817754,19456.849320472058,0,6802.290306330949
Vanuatu,VUT,4,2036,11553.502882386476,19923.77530169733,0,7179.4373025055565
Vanuatu,VUT,4,2037,11636.574203939825,19767.689396847964,0,7386.9631921131095
Vanuatu,VUT,4,2038,11807.065925494831,19937.429063259962,0,7666.586628351011
Vanuatu,VUT,4,2039,11985.755145277659,20118.19753484171,0,7937.079509257899
Vanuatu,VUT,4,2040,12168.873806904148,20307.783985162678,0,8201.53137280724
Vanuatu,VUT,4,2041,12352.993978212764,20508.392892987187,0,8459.35583938942
Vanuatu,VUT,4,2042,12644.263177736128,21055.044979729904,0,8814.512306725153
Vanuatu,VUT,4,2043,12738.239358123543,20942.684829119375,0,8956.985802994559
Vanuatu,VUT,4,2044,12926.861478636725,21174.14986635659,0,9196.300173862712
Vanuatu,VUT,4,2045,13121.606522049433,21414.439592553383,0,9432.415803817104
Vanuatu,VUT,4,2046,13317.241920648534,21661.342807671164,0,9663.034687957903
Vanuatu,VUT,4,2047,13514.947568060848,21917.063987749014,0,9889.328662310618
Vanuatu,VUT,4,2048,13827.548393104087,22540.25602532221,0,10234.788973707398
Vanuatu,VUT,4,2049,13924.383500417574,22454.967489121467,0,10332.929285301136
Vanuatu,VUT,4,2050,14123.784364109328,22737.135339598888,0,10549.098389757059
Vanuatu,VUT,4,2051,14328.92752669423,23028.12836074276,0,10762.50590987346
Vanuatu,VUT,4,2052,14535.905305366625,23325.73487236179,0,10973.57399460923
Vanuatu,VUT,4,2053,14867.41547047363,24012.026053369726,0,11321.308417176982
Vanuatu,VUT,4,2054,14967.558106982022,23940.79604874574,0,11391.654906918573
Samoa,WSM,4,2025,15231.083768947572,41646.35754775548,0,6773.413703392031
Samoa,WSM,4,2026,6976.304018598301,11838.723928835212,0,3047.984167445597
Samoa,WSM,4,2027,6639.514296040155,11924.099640125733,0,3256.9583717488576
Samoa,WSM,4,2028,6673.916853919089,12001.255525562365,0,3467.518896918539
Samoa,WSM,4,2029,6725.926197127321,12074.003862487154,0,3678.681506841963
Samoa,WSM,4,2030,6790.5482853048325,12144.547716822548,0,3886.1181872322095
Samoa,WSM,4,2031,6922.334983382952,12412.596615218594,0,4137.079793473765
Samoa,WSM,4,2032,6953.1010573703325,12287.843889614507,0,4293.26817653147
Samoa,WSM,4,2033,7042.163266390981,12364.997259072587,0,4491.731268395855
Samoa,WSM,4,2034,7138.630499783797,12446.5635607968,0,4684.670477023623
Samoa,WSM,4,2035,7238.143734517484,12534.743344554772,0,4872.724081381953
Samoa,WSM,4,2036,7402.566314850859,12833.742765651163,0,5115.6966834122195
Samoa,WSM,4,2037,7452.409949543799,12730.947436168632,0,5236.086478592081
Samoa,WSM,4,2038,7559.14507103837,12838.963533757724,0,5412.474284224408
Samoa,WSM,4,2039,7669.93425045778,12953.59719439108,0,5583.354674198705
Samoa,WSM,4,2040,7782.524698170171,13074.844337315548,0,5751.833746526981
Samoa,WSM,4,2041,7899.29252402231,13200.500460945137,0,5916.495988960002
Samoa,WSM,4,2042,8082.381245236704,13548.34675891326,0,6152.725109153458
Samoa,WSM,4,2043,8140.4110518355665,13471.657484150412,0,6238.5936603039945
Samoa,WSM,4,2044,8256.43071610298,13617.14969475496,0,6393.705664690541
Samoa,WSM,4,2045,8377.783388946444,13769.259700250606,0,6547.810175486662
Samoa,WSM,4,2046,8500.010982045409,13925.778700790741,0,6698.669704758043
Samoa,WSM,4,2047,8624.30379819521,14086.706683107446,0,6847.434749623217
Samoa,WSM,4,2048,8821.61330184964,14484.724151151991,0,7081.870652611532
Samoa,WSM,4,2049,8882.353234982535,14426.203235902427,0,7140.675820476961
Samoa,WSM,4,2050,9007.713322575422,14604.762510586928,0,7284.8488393082025
Samoa,WSM,4,2051,9135.938637250802,14787.73539359724,0,7426.26261413674
Samoa,WSM,4,2052,9266.037441928,14975.117269631779,0,7567.829198484019
Samoa,WSM,4,2053,9474.294380542313,15412.140878547207,0,7804.769004630561
Samoa,WSM,4,2054,9535.33295917275,15360.90843896055,0,7847.513541532183
Australia,AUS,5,2025,781284.751203015,2479256.4678863236,0,2472330.484145932
Australia,AUS,5,2026,284358.92834346625,446534.6575453866,0,605664.2760300235
Australia,AUS,5,2027,263883.9490859635,445431.8863382827,0,614075.3015028044
Australia,AUS,5,2028,262446.1616376552,444054.80331608554,0,622399.9281867818
Australia,AUS,5,2029,261407.15755467856,442462.649250247,0,630527.4352406869
Australia,AUS,5,2030,260618.05136233967,440737.23752258037,0,638405.046245897
Australia,AUS,5,2031,261938.8968387133,446557.8356494213,0,654325.5960974102
Australia,AUS,5,2032,259662.30798070785,437125.5628871258,0,653305.5814674887
Australia,AUS,5,2033,259240.45317356833,435322.2483850965,0,660241.413375136
Australia,AUS,5,2034,258974.5168131905,433555.1928643761,0,666835.5887098651
Australia,AUS,5,2035,258767.05683738532,431840.8855314995,0,673083.5543922564
Australia,AUS,5,2036,260487.0145802287,437654.0033973493,0,687990.9428029589
Australia,AUS,5,2037,258555.5723387661,428612.3232552359,0,684579.4390093299
Australia,AUS,5,2038,258349.1035506431,427110.2301399825,0,689785.7314415884
Australia,AUS,5,2039,258228.0302455221,425683.2595580429,0,694662.0163611613
Australia,AUS,5,2040,258109.08337646662,424332.63495220535,0,699215.9273436238
Australia,AUS,5,2041,257984.38826550744,423054.19165936287,0,703457.7182243961
Australia,AUS,5,2042,259730.3330257359,429162.52750882326,0,716977.0004062756
Australia,AUS,5,2043,257810.62902360095,420700.13062267157,0,711092.3190239597
Australia,AUS,5,2044,257576.36165698804,419620.02367384935,0,714454.9181979385
Australia,AUS,5,2045,257405.74481282162,418596.990826157,0,717552.1263134074
Australia,AUS,5,2046,257223.33284797522,417623.9300022169,0,720395.3076300502
Australia,AUS,5,2047,257024.88182447013,416699.4527616515,0,722995.5889428639
Australia,AUS,5,2048,258681.73827766482,423032.2250298303,0,735315.5950836356
Australia,AUS,5,2049,256684.51418613846,414974.19974512263,0,727554.4231441708
Australia,AUS,5,2050,256358.28942864662,414168.93924245064,0,729482.5059559982
Australia,AUS,5,2051,256097.03282337385,413395.7647440016,0,731212.7699736509
Australia,AUS,5,2052,255824.55045300775,412648.96453598945,0,732754.7576634963
Australia,AUS,5,2053,257400.8269655937,419072.452018934,0,744268.0767889929
Australia,AUS,5,2054,255338.20822504704,411223.54005090665,0,735355.7634708516
Fiji,FJI,5,2025,44117.95333820263,133920.26875412036,0,31555.969525247987
Fiji,FJI,5,2026,15774.430688257455,24176.29210627805,0,11354.607737089802
Fiji,FJI,5,2027,14623.27526650647,24157.196890537198,0,11836.738067286342
Fiji,FJI,5,2028,14542.055473009112,24109.99684628513,0,12300.795298308061
Fiji,FJI,5,2029,14496.438919402985,24043.368042126727,0,12745.258742788405
Fiji,FJI,5,2030,14472.37417957268,23962.858218680973,0,13167.624063915511
Fiji,FJI,5,2031,14571.382696610377,24291.04553603602,0,13704.72206323755
Fiji,FJI,5,2032,14476.72475432023,23787.966704944934,0,13945.918818945383
Fiji,FJI,5,2033,14487.755892183413,23701.895261118832,0,14299.73080852141
Fiji,FJI,5,2034,14510.021255567177,23618.60917101265,0,14631.305300627135
Fiji,FJI,5,2035,14537.017312252125,23539.48740181249,0,14942.434748609574
Fiji,FJI,5,2036,14671.050823942105,23874.451254810465,0,15400.850663213783
Fiji,FJI,5,2037,14603.142550884786,23400.686330517256,0,15504.528583187577
Fiji,FJI,5,2038,14630.939185779902,23339.600856302237,0,15754.80413943337
Fiji,FJI,5,2039,14662.557151494264,23286.853003191158,0,15987.254226620767
Fiji,FJI,5,2040,14695.893432778585,23238.26946590382,0,16202.97146694248
Fiji,FJI,5,2041,14726.877768991732,23198.014553525933,0,16402.989530188497
Fiji,FJI,5,2042,14863.55431278907,23563.770810280956,0,16779.795345101153
Fiji,FJI,5,2043,14792.632445799381,23131.39466797354,0,16760.943828402615
Fiji,FJI,5,2044,14817.043535018054,23106.399955320394,0,16919.127215412995
Fiji,FJI,5,2045,14845.260984861661,23085.578445612824,0,17064.514714092238
Fiji,FJI,5,2046,14872.05810987785,23068.921263562486,0,17200.112796004367
Fiji,FJI,5,2047,14895.610944471617,23057.816492956183,0,17323.76819759381
Fiji,FJI,5,2048,15025.661763154309,23449.38407744139,0,17645.439882629267
Fiji,FJI,5,2049,14948.42772365893,23043.944450964857,0,17546.13264295096
Fiji,FJI,5,2050,14965.600364681906,23042.547516786435,0,17643.655583165106
Fiji,FJI,5,2051,14985.72150694521,23042.547535964968,0,17733.260918972665
Fiji,FJI,5,2052,15005.430328011045,23045.323781733332,0,17816.470176116094
Fiji,FJI,5,2053,15130.85029126825,23449.38428843692,0,18108.73894348276
Fiji,FJI,5,2054,15047.510985731486,23056.437586534877,0,17966.492232778113
New Caledonia,NCL,5,2025,10432.486964466794,33232.43639515125,0,18630.53793286402
New Caledonia,NCL,5,2026,3653.850094790666,5980.560803551318,0,5219.217309653038
New Caledonia,NCL,5,2027,3388.5157462329425,5957.7474072265195,0,5379.999226490429
New Caledonia,NCL,5,2028,3361.4305477556427,5928.596223371782,0,5538.870644746517
New Caledonia,NCL,5,2029,3343.53319357353,5892.505560163665,0,5693.507401365451
New Caledonia,NCL,5,2030,3330.58456893872,5855.026801550268,0,5843.342901282057
New Caledonia,NCL,5,2031,3347.554811265405,5918.479376852681,0,6060.825095321151
New Caledonia,NCL,5,2032,3319.0462572142283,5778.6834059929815,0,6129.265407339344
New Caledonia,NCL,5,2033,3316.9789771402684,5741.20240716738,0,6263.992536989144
New Caledonia,NCL,5,2034,3316.56979739904,5705.111740786895,0,6393.261098355976
New Caledonia,NCL,5,2035,3318.181786711026,5670.4091765667135,0,6516.914056712625
New Caledonia,NCL,5,2036,3345.5400744844414,5734.895279367721,0,6717.532295106729
New Caledonia,NCL,5,2037,3326.698411987512,5606.558631172462,0,6745.997832360033
New Caledonia,NCL,5,2038,3329.0400886273824,5577.4063136347295,0,6851.749220546306
New Caledonia,NCL,5,2039,3333.9039010285546,5551.032359846822,0,6951.73865230324
New Caledonia,NCL,5,2040,3338.8593803891995,5524.658409702339,0,7047.378679077785
New Caledonia,NCL,5,2041,3343.090085331222,5502.448773150573,0,7136.685988239382
New Caledonia,NCL,5,2042,3371.3690882941346,5575.318325346698,0,7315.672455015196
New Caledonia,NCL,5,2043,3352.8589316384014,5460.807804161715,0,7302.768204584287
New Caledonia,NCL,5,2044,3356.2770613838734,5444.148469679544,0,7377.356808946151
New Caledonia,NCL,5,2045,3359.4966834570814,5428.879337801185,0,7448.188068461052
New Caledonia,NCL,5,2046,3362.1968187937114,5414.998310727108,0,7514.677462796386
New Caledonia,NCL,5,2047,3365.779958725404,5401.117281782744,0,7576.775165095681
New Caledonia,NCL,5,2048,3393.3286618968446,5483.526274435142,0,7738.168526892975
New Caledonia,NCL,5,2049,3373.8263270142347,5378.909721858855,0,7691.468804434269
New Caledonia,NCL,5,2050,3373.7471979020966,5369.190931403913,0,7742.989729934492
New Caledonia,NCL,5,2051,3375.3752513817853,5359.474202435495,0,7791.270679971262
New Caledonia,NCL,5,2052,3376.8613801608376,5351.145586406564,0,7835.7315849896895
New Caledonia,NCL,5,2053,3403.5246835517223,5435.51195932475,0,7983.545066624687
New Caledonia,NCL,5,2054,3381.9730239382193,5337.266623570332,0,7917.121436573685
New Zealand,NZL,5,2025,164370.53799265315,500022.2407699288,0,478351.0270485987
New Zealand,NZL,5,2026,58931.03896600293,90298.41631081524,0,117470.4824489979
New Zealand,NZL,5,2027,54577.25999509788,90272.6536410342,0,119109.68196510665
New Zealand,NZL,5,2028,54190.29493092769,90150.48309061675,0,120737.23425610072
New Zealand,NZL,5,2029,53910.014004009994,89953.3725447218,0,122332.25239347454
New Zealand,NZL,5,2030,53697.6366705148,89704.90223793582,0,123882.76119088501
New Zealand,NZL,5,2031,53935.43856867918,90974.56044480744,0,126994.69319521809
New Zealand,NZL,5,2032,53439.67794915323,89121.93362642592,0,126830.49855439534
New Zealand,NZL,5,2033,53337.44689666167,88812.35232063377,0,128209.27161812055
New Zealand,NZL,5,2034,53273.420049029715,88500.02911684568,0,129525.981375196
New Zealand,NZL,5,2035,53228.445119957294,88193.25838192567,0,130776.93762413923
New Zealand,NZL,5,2036,53584.6572303806,89419.74401080943,0,133709.29784457455
New Zealand,NZL,5,2037,53193.842945386234,87606.12470322834,0,133092.60038339312
New Zealand,NZL,5,2038,53159.33550669935,87331.24650562565,0,134147.5766347063
New Zealand,NZL,5,2039,53145.73440247425,87067.50683854116,0,135140.97683548884
New Zealand,NZL,5,2040,53134.648533195636,86819.03637633444,0,136073.00795394328
New Zealand,NZL,5,2041,53124.91883497067,86581.67072363733,0,136946.10860353452
New Zealand,NZL,5,2042,53500.30423468504,87857.86628976782,0,139622.63585387392
New Zealand,NZL,5,2043,53124.18758582096,86148.61579064537,0,138532.16444683055
New Zealand,NZL,5,2044,53094.027732773386,85952.8599888653,0,139238.07270361859
New Zealand,NZL,5,2045,53078.200744287424,85768.24214722659,0,139892.91304560943
New Zealand,NZL,5,2046,53060.07866978475,85594.72919851751,0,140499.0307415788
New Zealand,NZL,5,2047,53038.97387023474,85429.54485889818,0,141057.96927410163
New Zealand,NZL,5,2048,53401.02383003421,86753.53650908331,0,143510.51422490386
New Zealand,NZL,5,2049,53011.06547275257,85126.97112752023,0,142055.41448415053
New Zealand,NZL,5,2050,52963.64421367645,84989.51601286292,0,142485.8886978825
New Zealand,NZL,5,2051,52931.277223361154,84857.64604397694,0,142878.75628215817
New Zealand,NZL,5,2052,52896.898899374624,84731.32856190321,0,143235.3494291412
New Zealand,NZL,5,2053,53243.234478696344,86078.5111449355,0,145536.6626910872
New Zealand,NZL,5,2054,52840.60598867945,84493.99537086436,0,143856.72078707433
Solomon Islands,SLB,5,2025,53595.75000881613,138903.59851855066,0,14189.820346173665
Solomon Islands,SLB,5,2026,20062.436681424293,25352.13588543489,0,6556.4178831326035
Solomon Islands,SLB,5,2027,18568.96409882013,25625.82098392172,0,7035.527883838226
Solomon Islands,SLB,5,2028,18678.25040414217,25864.56841929484,0,7519.237803950434
Solomon Islands,SLB,5,2029,18849.31662726019,26079.725123363474,0,8001.241135703356
Solomon Islands,SLB,5,2030,19057.018904463326,26279.612756993574,0,8479.654344031194
Solomon Islands,SLB,5,2031,19429.14774972673,26933.256578511555,0,9037.526125284885
Solomon Islands,SLB,5,2032,19562.246366537212,26668.29348171244,0,9419.181002276884
Solomon Islands,SLB,5,2033,19833.901027580738,26869.558975158718,0,9876.51797276461
Solomon Islands,SLB,5,2034,20127.323102650218,27079.163303388388,0,10323.84968507696
Solomon Islands,SLB,5,2035,20433.441677256156,27298.484384781532,0,10761.451586952473
Solomon Islands,SLB,5,2036,20893.440175917018,28009.34624783446,0,11310.095895618695
Solomon Islands,SLB,5,2037,21083.066123120498,27778.780364381262,0,11610.88840534985
Solomon Islands,SLB,5,2038,21407.43717983944,28038.345778174087,0,12019.336358652603
Solomon Islands,SLB,5,2039,21745.557482583237,28313.19097421852,0,12419.482680075764
Solomon Islands,SLB,5,2040,22087.917166662188,28603.30534380304,0,12809.67474106986
Solomon Islands,SLB,5,2041,22435.197211623818,28907.30074495589,0,13191.426358150879
Solomon Islands,SLB,5,2042,22943.371616915552,29733.630215562505,0,13720.539356313548
Solomon Islands,SLB,5,2043,23152.67507703702,29559.72225516007,0,13934.387786798654
Solomon Islands,SLB,5,2044,23504.62991277224,29905.349428852343,0,14293.682274146451
Solomon Islands,SLB,5,2045,23867.458091197685,30264.868954050173,0,14646.777805419144
Solomon Islands,SLB,5,2046,24236.06478035003,30636.881446333085,0,14995.091138142825
Solomon Islands,SLB,5,2047,24608.00193353021,31021.38688253471,0,15338.064873604946
Solomon Islands,SLB,5,2048,25155.461447087477,31962.064844853554,0,15859.865199347862
Solomon Islands,SLB,5,2049,25374.925761252194,31825.112603408015,0,16012.435755515507
Solomon Islands,SLB,5,2050,25748.047441624218,32244.308435857223,0,16341.500005765361
Solomon Islands,SLB,5,2051,26135.256023471466,32674.62126679529,0,16668.590333732656
Solomon Islands,SLB,5,2052,26526.67887722572,33114.650872293394,0,16992.107187321864
Solomon Islands,SLB,5,2053,27109.66688147648,34148.13330014255,0,17520.73036423213
Solomon Islands,SLB,5,2054,27336.53468359635,34026.64958971985,0,17638.0997327723
Tonga,TON,5,2025,6147.898353446814,18443.695060340433,0,3575.6094919921634
Tonga,TON,5,2026,2232.366568802227,3331.7887484965127,0,1219.2220321600303
Tonga,TON,5,2027,2054.5144636882583,3331.452946261566,0,1272.7076029197076
Tonga,TON,5,2028,2049.9326829073743,3327.287917681921,0,1327.7044710762234
Tonga,TON,5,2029,2051.15397456818,3321.7355476658863,0,1383.5238076746296
Tonga,TON,5,2030,2055.91740330772,3314.795076137983,0,1437.6388874285567
Tonga,TON,5,2031,2078.812480129343,3365.244099600091,0,1507.7889633220698
Tonga,TON,5,2032,2076.250052365562,3300.9154075769065,0,1545.5769976823021
Tonga,TON,5,2033,2087.929876367749,3292.585558751071,0,1597.605439837735
Tonga,TON,5,2034,2101.3465479003,3285.6450825605957,0,1648.538358563773
Tonga,TON,5,2035,2116.2025614069335,3281.480816297271,0,1697.3409862851813
Tonga,TON,5,2036,2146.496611049564,3335.5884051424223,0,1765.8836220595626
Tonga,TON,5,2037,2149.167327392226,3275.929749202123,0,1792.9585380639087
Tonga,TON,5,2038,2165.6566698649485,3274.5404272782857,0,1837.3964885210637
Tonga,TON,5,2039,2182.6618524017767,3275.9285710061977,0,1879.7464839876948
Tonga,TON,5,2040,2200.3205793422944,3280.092921810588,0,1921.6608241609201
Tonga,TON,5,2041,2218.0940364952157,3284.257269574835,0,1961.8435228388237
Tonga,TON,5,2042,2250.351889402107,3348.2983271559665,0,2025.0246934139448
Tonga,TON,5,2043,2253.571532266918,3298.1396529252943,0,2038.3940058670687
Tonga,TON,5,2044,2270.8986702309667,3307.8551493930736,0,2074.935938458324
Tonga,TON,5,2045,2287.784182557058,3317.5719072185934,0,2109.644466219494
Tonga,TON,5,2046,2305.161735013584,3327.288665289941,0,2143.286401217931
Tonga,TON,5,2047,2324.2388773341017,3339.7816363991046,0,2176.7666500290147
Tonga,TON,5,2048,2357.056638674828,3410.434751399039,0,2235.473871696788
Tonga,TON,5,2049,2360.0301449062554,3364.768867115799,0,2239.9880793011034
Tonga,TON,5,2050,2376.6947502247476,3380.036752326705,0,2269.48984188819
Tonga,TON,5,2051,2394.402226569757,3395.305920990438,0,2298.8055712732985
Tonga,TON,5,2052,2412.083472755416,3411.963199823409,0,2326.4317712524594
Tonga,TON,5,2053,2446.6826424539404,3488.105179024446,0,2383.2044341367373
Tonga,TON,5,2054,2446.9275506063564,3446.6671869119414,0,2381.267985905108
Vanuatu,VUT,5,2025,23826.30548386191,63201.52124965117,0,6859.436963879046
Vanuatu,VUT,5,2026,8816.567360658137,11514.10661667932,0,3038.567791146047
Vanuatu,VUT,5,2027,8138.387851367592,11614.280364608154,0,3250.6142585618536
Vanuatu,VUT,5,2028,8168.234837919391,11697.563758214736,0,3465.800154845695
Vanuatu,VUT,5,2029,8224.326905205466,11769.745414379386,0,3680.552889593807
Vanuatu,VUT,5,2030,8297.518240929487,11833.59846971056,0,3893.8207050754495
Vanuatu,VUT,5,2031,8444.391511678401,12101.041482028477,0,4143.7180603513325
Vanuatu,VUT,5,2032,8486.233371228143,11955.75678482076,0,4312.78891593056
Vanuatu,VUT,5,2033,8590.735568183902,12018.21713752865,0,4517.3053043154
Vanuatu,VUT,5,2034,8704.753824317264,12083.458285295432,0,4717.500524359171
Vanuatu,VUT,5,2035,8824.848477974294,12155.639966007664,0,4913.101322301631
Vanuatu,VUT,5,2036,9010.898945146666,12445.616436138029,0,5158.941599010577
Vanuatu,VUT,5,2037,9079.287829970943,12315.277200635895,0,5290.583202132933
Vanuatu,VUT,5,2038,9206.918951592106,12405.499488928275,0,5473.404806182012
Vanuatu,VUT,5,2039,9338.79823832625,12499.89080421653,0,5651.149739365596
Vanuatu,VUT,5,2040,9473.909693892547,12602.610756963722,0,5824.378520669152
Vanuatu,VUT,5,2041,9610.490605192235,12712.27122837119,0,5994.222204754537
Vanuatu,VUT,5,2042,9817.392307903767,13048.621769305013,0,6230.8909301980875
Vanuatu,VUT,5,2043,9894.445006967411,12946.86629685803,0,6323.099993553707
Vanuatu,VUT,5,2044,10031.687066146274,13074.567143353097,0,6482.028128248879
Vanuatu,VUT,5,2045,10175.64161969212,13206.437253235508,0,6636.874619589501
Vanuatu,VUT,5,2046,10319.323195781342,13345.24790622042,0,6789.299580138398
Vanuatu,VUT,5,2047,10463.069929277204,13489.610967490264,0,6938.316850687488
Vanuatu,VUT,5,2048,10682.540978788003,13876.164769046316,0,7169.2751649099255
Vanuatu,VUT,5,2049,10761.745693276856,13793.611544813188,0,7231.875220436583
Vanuatu,VUT,5,2050,10906.1819491877,13953.238459093673,0,7373.519713556448
Vanuatu,VUT,5,2051,11057.627167451139,14115.64685331555,0,7514.854705655441
Vanuatu,VUT,5,2052,11209.218783773747,14283.607690809527,0,7653.537689363283
Vanuatu,VUT,5,2053,11441.586202042512,14706.531890341426,0,7884.662135368446
Vanuatu,VUT,5,2054,11521.472597365473,14632.027928592073,0,7929.261747507592
Samoa,WSM,5,2025,14998.619629974313,41010.73077322149,0,6670.034599951033
Samoa,WSM,5,2026,5639.922958616045,7456.265570073038,0,2367.7849260046873
Samoa,WSM,5,2027,5205.828386341143,7511.03991998239,0,2487.9425859916437
Samoa,WSM,5,2028,5230.908384645727,7556.845482848729,0,2612.4059968280276
Samoa,WSM,5,2029,5270.549796674047,7597.1006504709385,0,2738.1435331140165
Samoa,WSM,5,2030,5319.704275470639,7634.5796251061165,0,2863.898924558252
Samoa,WSM,5,2031,5415.514098223664,7803.752467575406,0,3022.0274478830293
Samoa,WSM,5,2032,5442.378403921947,7708.1524498945255,0,3117.578103493247
Samoa,WSM,5,2033,5509.330968054507,7747.016563156148,0,3242.2285531402927
Samoa,WSM,5,2034,5580.565498216661,7788.6598433452555,0,3364.9174919869665
Samoa,WSM,5,2035,5655.895291675212,7833.079334218612,0,3486.742018678752
Samoa,WSM,5,2036,5773.142218897529,8018.405706047654,0,3645.9588924543464
Samoa,WSM,5,2037,5816.183046901099,7934.414313722434,0,3723.221083333364
Samoa,WSM,5,2038,5896.130141909242,7991.323691688328,0,3838.1268060200014
Samoa,WSM,5,2039,5979.98403769836,8052.400418620057,0,3950.940150657325
Samoa,WSM,5,2040,6064.519370357652,8117.641466924648,0,4061.7023735263497
Samoa,WSM,5,2041,6150.068908934717,8187.046824259775,0,4170.122969721746
Samoa,WSM,5,2042,6278.707061643581,8402.521492170348,0,4327.09970266488
Samoa,WSM,5,2043,6326.409416858633,8335.57747228709,0,4382.61542978308
Samoa,WSM,5,2044,6412.703843232276,8416.08446129278,0,4485.764430207962
Samoa,WSM,5,2045,6501.5330185594985,8499.370845693562,0,4586.825966065987
Samoa,WSM,5,2046,6592.306898878217,8586.821551930736,0,4687.007030610519
Samoa,WSM,5,2047,6683.6206342312325,8677.048467235252,0,4785.2040310427365
Samoa,WSM,5,2048,6822.010035501639,8923.619380552023,0,4941.3139105360015
Samoa,WSM,5,2049,6871.412072986955,8868.610544436944,0,4979.824637914375
Samoa,WSM,5,2050,6963.11288319595,8968.55078470164,0,5075.187838987867
Samoa,WSM,5,2051,7057.239196458238,9071.2706264793,0,5169.336109593384
Samoa,WSM,5,2052,7152.420307017822,9176.76668620469,0,5262.695864146049
Samoa,WSM,5,2053,7298.647583372543,9446.129303611711,0,5421.0083189136685
Samoa,WSM,5,2054,7349.387154248205,9396.091051058816,0,5448.881625010324
